Title1,Title2
1427932800000,8.87
1427846400000,8.73
1427760000000,8.40
1427673600000,8.45
1427414400000,8.41
1427328000000,8.38
1427241600000,8.51
1427155200000,8.78
1427068800000,8.71
1426809600000,8.17
1426723200000,7.84
1426636800000,7.95
1426550400000,7.55
1426464000000,7.50
1426204800000,7.27
1426118400000,7.23
1426032000000,7.27
1425945600000,7.18
1425859200000,7.06
1425600000000,7.12
1425513600000,7.51
1425427200000,7.44
1425340800000,7.66
1425254400000,7.75
1424995200000,7.41
1424908800000,7.41
1424822400000,7.42
1424736000000,7.64
1424649600000,7.51
1424390400000,7.62
1424304000000,7.68
1424217600000,7.70
1424131200000,7.85
1423785600000,7.96
1423699200000,7.93
1423612800000,7.86
1423526400000,7.72
1423440000000,7.64
1423180800000,7.90
1423094400000,7.98
1423008000000,8.10
1422921600000,7.97
1422835200000,7.97
1422576000000,7.71
1422489600000,7.84
1422403200000,7.94
1422316800000,7.95
1422230400000,7.93
1421971200000,8.16
1421884800000,8.80
1421798400000,8.69
1421712000000,8.93
1421366400000,9.13
1421280000000,8.75
1421193600000,9.09
1421107200000,9.15
1421020800000,8.70
1420761600000,8.72
1420675200000,8.91
1420588800000,8.77
1420502400000,8.66
1420416000000,8.84
1420156800000,9.06
1419984000000,9.16
1419897600000,9.13
1419811200000,9.21
1419552000000,9.31
1419379200000,9.19
1419292800000,9.22
1419206400000,9.19
1418947200000,8.92
1418860800000,8.88
1418774400000,8.30
1418688000000,8.00
1418601600000,7.96
1418342400000,8.00
1418256000000,8.10
1418169600000,7.86
1418083200000,8.16
1417996800000,7.60
1417737600000,7.71
1417651200000,7.63
1417564800000,7.66
1417478400000,7.68
1417392000000,7.74
1417132800000,7.78
1416960000000,8.04
1416873600000,7.86
1416787200000,7.76
1416528000000,7.57
1416441600000,7.63
1416355200000,7.52
1416268800000,7.71
1416182400000,7.70
1415923200000,8.01
1415836800000,7.92
1415750400000,7.96
1415664000000,7.98
1415577600000,7.94
1415318400000,7.64
1415232000000,7.53
1415145600000,7.57
1415059200000,7.71
1414972800000,7.73
1414713600000,7.86
1414627200000,7.82
1414540800000,7.75
1414454400000,7.94
1414368000000,7.58
1414108800000,7.28
1414022400000,7.70
1413936000000,6.70
1413849600000,6.86
1413763200000,6.94
1413504000000,7.01
1413417600000,7.01
1413331200000,6.89
1413244800000,6.06
1413158400000,5.84
1412899200000,5.80
1412812800000,6.32
1412726400000,6.56
1412640000000,6.25
1412553600000,6.37
1412294400000,6.47
1412208000000,6.58
1412121600000,6.42
1412035200000,6.68
1411948800000,6.75
1411689600000,6.88
1411603200000,6.49
1411516800000,6.93
1411430400000,6.81
1411344000000,6.98
1411084800000,7.10
1410998400000,7.28
1410912000000,7.22
1410825600000,7.20
1410739200000,7.38
1410480000000,7.99
1410393600000,7.97
1410307200000,7.96
1410220800000,7.83
1410134400000,7.92
1409875200000,7.72
1409788800000,7.59
1409702400000,7.72
1409616000000,7.83
1409270400000,7.77
1409184000000,7.77
1409097600000,7.86
1409011200000,7.91
1408924800000,7.83
1408665600000,7.84
1408579200000,7.85
1408492800000,7.89
1408406400000,7.97
1408320000000,7.98
1408060800000,7.88
1407974400000,7.97
1407888000000,7.94
1407801600000,8.05
1407715200000,8.18
1407456000000,8.09
1407369600000,8.12
1407283200000,8.04
1407196800000,8.17
1407110400000,7.97
1406851200000,7.92
1406764800000,8.08
1406678400000,8.40
1406592000000,8.07
1406505600000,8.08
1406246400000,8.18
1406160000000,8.47
1406073600000,7.59
1405987200000,7.52
1405900800000,7.36
1405641600000,7.31
1405555200000,7.38
1405468800000,7.39
1405382400000,7.45
1405296000000,7.56
1405036800000,7.44
1404950400000,7.48
1404864000000,7.64
1404777600000,7.47
1404691200000,7.64
1404345600000,7.75
1404259200000,7.90
1404172800000,8.06
1404086400000,8.08
1403827200000,7.91
1403740800000,7.78
1403654400000,7.82
1403568000000,7.72
1403481600000,7.93
1403222400000,7.63
1403136000000,7.62
1403049600000,7.93
1402963200000,7.83
1402876800000,7.15
1402617600000,7.09
1402531200000,6.93
1402444800000,7.05
1402358400000,6.85
1402272000000,6.98
1402012800000,6.97
1401926400000,6.91
1401840000000,6.80
1401753600000,7.09
1401667200000,7.27
1401408000000,7.52
1401321600000,7.67
1401235200000,7.68
1401148800000,7.52
1400803200000,7.25
1400716800000,7.33
1400630400000,8.01
1400544000000,7.88
1400457600000,7.97
1400198400000,8.25
1400112000000,7.91
1400025600000,8.43
1399939200000,8.58
1399852800000,8.73
1399593600000,8.22
1399507200000,8.48
1399420800000,8.81
1399334400000,9.51
1399248000000,9.99
1398988800000,9.74
1398902400000,9.60
1398816000000,9.70
1398729600000,9.82
1398643200000,9.81
1398384000000,9.94
1398297600000,10.61
1398211200000,11.05
1398124800000,10.97
1398038400000,10.71
1397692800000,10.71
1397606400000,10.45
1397520000000,10.28
1397433600000,10.38
1397174400000,10.23
1397088000000,10.58
1397001600000,10.99
1396915200000,10.95
1396828800000,10.36
1396569600000,10.68
1396483200000,10.99
1396396800000,11.07
1396310400000,11.07
1396224000000,10.81
1395964800000,10.55
1395878400000,10.25
1395792000000,10.53
1395705600000,10.87
1395619200000,10.98
1395360000000,11.08
1395273600000,11.26
1395187200000,11.25
1395100800000,11.43
1395014400000,11.22
1394755200000,10.69
1394668800000,10.49
1394582400000,10.62
1394496000000,10.63
1394409600000,10.88
1394150400000,10.82
1394064000000,10.83
1393977600000,10.76
1393891200000,10.81
1393804800000,10.59
1393545600000,10.58
1393459200000,10.64
1393372800000,10.39
1393286400000,10.55
1393200000000,9.92
1392940800000,9.75
1392854400000,9.97
1392768000000,9.83
1392681600000,10.08
1392336000000,10.00
1392249600000,10.27
1392163200000,9.61
1392076800000,9.63
1391990400000,9.62
1391731200000,9.88
1391644800000,9.56
1391558400000,9.83
1391472000000,9.86
1391385600000,9.87
1391126400000,10.14
1391040000000,10.10
1390953600000,9.94
1390867200000,10.31
1390780800000,10.40
1390521600000,10.84
1390435200000,11.03
1390348800000,11.47
1390262400000,11.30
1389916800000,11.28
1389830400000,11.14
1389744000000,11.18
1389657600000,11.13
1389571200000,10.79
1389312000000,10.99
1389225600000,10.82
1389139200000,11.11
1389052800000,10.45
1388966400000,10.15
1388707200000,10.09
1388620800000,9.97
1388448000000,10.15
1388361600000,10.29
1388102400000,10.34
1388016000000,10.46
1387843200000,10.34
1387756800000,10.14
1387497600000,9.95
1387411200000,9.64
1387324800000,9.87
1387238400000,9.35
1387152000000,8.95
1386892800000,9.02
1386806400000,9.01
1386720000000,9.04
1386633600000,9.22
1386547200000,9.37
1386288000000,9.54
1386201600000,9.50
1386115200000,9.43
1386028800000,9.35
1385942400000,9.87
1385683200000,10.42
1385510400000,10.43
1385424000000,10.28
1385337600000,10.14
1385078400000,9.48
1384992000000,9.37
1384905600000,8.99
1384819200000,9.11
1384732800000,9.24
1384473600000,9.48
1384387200000,9.50
1384300800000,9.63
1384214400000,9.84
1384128000000,9.86
1383868800000,10.64
1383782400000,10.40
1383696000000,10.92
1383609600000,11.26
1383523200000,11.30
1383264000000,11.21
1383177600000,11.44
1383091200000,10.80
1383004800000,10.80
1382918400000,10.97
1382659200000,10.88
1382572800000,11.15
1382486400000,11.13
1382400000000,11.45
1382313600000,11.77
1382054400000,11.95
1381968000000,10.99
1381881600000,10.93
1381795200000,10.72
1381708800000,10.71
1381449600000,10.61
1381363200000,10.44
1381276800000,10.22
1381190400000,10.20
1381104000000,10.22
1380844800000,10.42
1380758400000,10.44
1380672000000,10.47
1380585600000,10.51
1380499200000,10.07
1380240000000,10.36
1380153600000,10.84
1380067200000,10.75
1379980800000,10.40
1379894400000,10.54
1379635200000,10.23
1379548800000,10.34
1379462400000,10.62
1379376000000,9.74
1379289600000,9.70
1379030400000,9.68
1378944000000,9.64
1378857600000,9.84
1378771200000,9.80
1378684800000,9.70
1378425600000,9.51
1378339200000,9.68
1378252800000,9.66
1378166400000,9.74
1377820800000,9.25
1377734400000,9.32
1377648000000,9.20
1377561600000,9.09
1377475200000,9.34
1377216000000,9.35
1377129600000,9.32
1377043200000,9.20
1376956800000,9.21
1376870400000,9.04
1376611200000,9.09
1376524800000,9.12
1376438400000,9.38
1376352000000,9.36
1376265600000,9.56
1376006400000,9.32
1375920000000,9.28
1375833600000,9.33
1375747200000,9.41
1375660800000,9.43
1375401600000,9.45
1375315200000,9.23
1375228800000,9.06
1375142400000,9.10
1375056000000,9.18
1374796800000,9.24
1374710400000,9.44
1374624000000,8.68
1374537600000,8.64
1374451200000,8.81
1374192000000,8.71
1374105600000,8.77
1374019200000,8.77
1373932800000,8.97
1373846400000,8.75
1373587200000,8.75
1373500800000,8.74
1373414400000,8.55
1373328000000,8.37
1373241600000,8.50
1372982400000,8.53
1372809600000,8.43
1372723200000,8.41
1372636800000,8.43
1372377600000,8.24
1372291200000,8.25
1372204800000,8.24
1372118400000,8.10
1372032000000,8.12
1371772800000,8.17
1371686400000,8.23
1371600000000,8.21
1371513600000,8.24
1371427200000,8.14
1371168000000,7.72
1371081600000,7.91
1370995200000,7.76
1370908800000,7.89
1370822400000,8.04
1370563200000,8.22
1370476800000,8.08
1370390400000,7.85
1370304000000,8.09
1370217600000,8.27
1369958400000,8.27
1369872000000,7.94
1369785600000,7.78
1369699200000,7.84
1369353600000,7.82
1369267200000,7.96
1369180800000,7.37
1369094400000,7.56
1369008000000,7.52
1368748800000,7.40
1368662400000,7.37
1368576000000,7.38
1368489600000,7.49
1368403200000,7.40
1368144000000,7.58
1368057600000,7.53
1367971200000,7.66
1367884800000,7.64
1367798400000,7.43
1367539200000,7.44
1367452800000,7.36
1367366400000,7.07
1367280000000,7.23
1367193600000,7.32
1366934400000,7.23
1366848000000,7.36
1366761600000,7.34
1366675200000,7.47
1366588800000,7.24
1366329600000,7.17
1366243200000,7.11
1366156800000,7.21
1366070400000,7.30
1365984000000,7.02
1365724800000,7.27
1365638400000,6.84
1365552000000,6.75
1365465600000,6.70
1365379200000,6.61
1365120000000,6.57
1365033600000,6.53
1364947200000,6.47
1364860800000,6.66
1364774400000,6.70
1364428800000,6.85
1364342400000,6.74
1364256000000,6.73
1364169600000,6.85
1363910400000,6.97
1363824000000,6.94
1363737600000,7.03
1363651200000,6.91
1363564800000,6.90
1363305600000,7.01
1363219200000,6.89
1363132800000,6.66
1363046400000,6.56
1362960000000,6.70
1362700800000,6.85
1362614400000,6.86
1362528000000,6.82
1362441600000,6.79
1362355200000,6.78
1362096000000,6.66
1362009600000,6.05
1361923200000,6.16
1361836800000,6.20
1361750400000,6.16
1361491200000,6.37
1361404800000,6.33
1361318400000,6.66
1361232000000,6.84
1360886400000,6.73
1360800000000,6.75
1360713600000,6.80
1360627200000,6.67
1360540800000,6.73
1360281600000,6.81
1360195200000,6.88
1360108800000,6.85
1360022400000,7.11
1359936000000,7.00
1359676800000,7.02
1359590400000,6.62
1359504000000,6.47
1359417600000,6.45
1359331200000,6.51
1359072000000,7.08
1358985600000,7.94
1358899200000,7.73
1358812800000,7.84
1358467200000,7.80
1358380800000,7.72
1358294400000,7.65
1358208000000,7.88
1358121600000,7.54
1357862400000,7.59
1357776000000,7.48
1357689600000,7.68
1357603200000,7.69
1357516800000,7.67
1357257600000,7.49
1357171200000,7.46
1357084800000,7.47
1356912000000,7.38
1356652800000,7.29
1356566400000,7.30
1356480000000,7.34
1356307200000,7.30
1356048000000,7.39
1355961600000,7.43
1355875200000,7.40
1355788800000,7.40
1355702400000,7.47
1355443200000,7.27
1355356800000,6.70
1355270400000,6.62
1355184000000,6.75
1355097600000,6.67
1354838400000,6.59
1354752000000,6.69
1354665600000,6.67
1354579200000,6.84
1354492800000,6.63
1354233600000,6.60
1354147200000,6.64
1354060800000,6.42
1353974400000,6.38
1353888000000,6.45
1353628800000,6.36
1353456000000,6.27
1353369600000,6.40
1353283200000,6.44
1353024000000,6.04
1352937600000,6.06
1352851200000,6.35
1352764800000,6.36
1352678400000,6.41
1352419200000,6.52
1352332800000,6.39
1352246400000,6.55
1352160000000,6.83
1352073600000,6.80
1351814400000,6.43
1351728000000,6.53
1351641600000,6.55
1351209600000,6.67
1351123200000,6.88
1351036800000,6.08
1350950400000,5.89
1350864000000,5.86
1350604800000,5.93
1350518400000,6.25
1350432000000,6.30
1350345600000,6.36
1350259200000,6.14
1350000000000,6.19
1349913600000,6.25
1349827200000,6.24
1349740800000,6.09
1349654400000,6.13
1349395200000,6.33
1349308800000,6.41
1349222400000,6.32
1349136000000,6.33
1349049600000,6.37
1348790400000,6.56
1348704000000,6.75
1348617600000,6.45
1348531200000,6.69
1348444800000,6.74
1348185600000,6.80
1348099200000,6.61
1348012800000,6.57
1347926400000,6.40
1347840000000,6.34
1347580800000,6.39
1347494400000,6.33
1347408000000,6.43
1347321600000,6.42
1347235200000,6.06
1346976000000,6.07
1346889600000,5.98
1346803200000,5.88
1346716800000,5.95
1346371200000,5.92
1346284800000,5.84
1346198400000,5.87
1346112000000,5.88
1346025600000,5.89
1345766400000,6.00
1345680000000,5.96
1345593600000,6.00
1345507200000,5.87
1345420800000,5.94
1345161600000,5.94
1345075200000,5.94
1344988800000,5.92
1344902400000,5.74
1344816000000,5.81
1344556800000,5.76
1344470400000,5.83
1344384000000,5.84
1344297600000,5.82
1344211200000,5.89
1343952000000,5.67
1343865600000,5.48
1343779200000,5.16
1343692800000,5.47
1343606400000,5.45
1343347200000,5.22
1343260800000,5.02
1343174400000,5.00
1343088000000,4.99
1343001600000,5.07
1342742400000,5.03
1342656000000,5.06
1342569600000,4.62
1342483200000,4.43
1342396800000,4.41
1342137600000,4.40
1342051200000,4.29
1341964800000,4.39
1341878400000,4.38
1341792000000,4.39
1341532800000,4.27
1341446400000,4.26
1341273600000,4.23
1341187200000,4.21
1340928000000,4.20
1340841600000,4.10
1340755200000,4.16
1340668800000,4.14
1340582400000,4.15
1340323200000,4.15
1340236800000,4.05
1340150400000,4.33
1340064000000,4.25
1339977600000,4.20
1339718400000,4.10
1339632000000,4.01
1339545600000,4.01
1339459200000,4.05
1339372800000,4.01
1339113600000,4.03
1339027200000,3.98
1338940800000,4.10
1338854400000,3.99
1338768000000,3.92
1338508800000,3.88
1338422400000,4.04
1338336000000,4.05
1338249600000,4.15
1337904000000,4.00
1337817600000,4.04
1337731200000,4.02
1337644800000,4.06
1337558400000,4.14
1337299200000,4.04
1337212800000,4.12
1337126400000,3.86
1337040000000,3.92
1336953600000,4.00
1336694400000,4.13
1336608000000,4.20
1336521600000,4.16
1336435200000,4.20
1336348800000,4.15
1336089600000,4.10
1336003200000,4.17
1335916800000,4.27
1335830400000,4.26
1335744000000,4.13
1335484800000,4.10
1335398400000,4.10
1335312000000,4.11
1335225600000,4.05
1335139200000,4.06
1334880000000,4.11
1334793600000,4.18
1334707200000,4.23
1334620800000,4.11
1334534400000,3.98
1334275200000,4.01
1334188800000,4.05
1334102400000,4.07
1334016000000,3.97
1333929600000,4.03
1333584000000,4.08
1333497600000,4.11
1333411200000,4.08
1333324800000,4.12
1333065600000,4.20
1332979200000,4.08
1332892800000,4.03
1332806400000,3.95
1332720000000,4.03
1332460800000,3.97
1332374400000,3.76
1332288000000,3.93
1332201600000,3.89
1332115200000,3.89
1331856000000,3.90
1331769600000,3.96
1331683200000,3.86
1331596800000,4.00
1331510400000,4.15
1331251200000,4.65
1331164800000,4.63
1331078400000,4.44
1330992000000,4.32
1330905600000,4.38
1330646400000,4.33
1330560000000,4.32
1330473600000,4.29
1330387200000,4.31
1330300800000,4.37
1330041600000,4.32
1329955200000,4.32
1329868800000,4.28
1329782400000,4.45
1329436800000,4.55
1329350400000,4.55
1329264000000,4.45
1329177600000,4.45
1329091200000,4.41
1328832000000,4.41
1328745600000,4.54
1328659200000,4.56
1328572800000,4.47
1328486400000,4.48
1328227200000,4.49
1328140800000,4.43
1328054400000,4.49
1327968000000,4.44
1327881600000,4.40
1327622400000,4.48
1327536000000,4.43
1327449600000,4.39
1327363200000,4.29
1327276800000,4.20
1327017600000,4.23
1326931200000,4.26
1326844800000,3.41
1326758400000,3.45
1326412800000,3.42
1326326400000,3.43
1326240000000,3.35
1326153600000,3.33
1326067200000,3.14
1325808000000,3.23
1325721600000,3.29
1325635200000,3.36
1325548800000,3.39
1325203200000,3.17
1325116800000,3.38
1325030400000,3.47
1324944000000,3.65
1324598400000,3.69
1324512000000,3.57
1324425600000,3.55
1324339200000,3.65
1324252800000,3.55
1323993600000,3.66
1323907200000,3.64
1323820800000,3.63
1323734400000,3.70
1323648000000,3.84
1323388800000,3.87
1323302400000,3.68
1323216000000,3.79
1323129600000,3.85
1323043200000,3.93
1322784000000,3.73
1322697600000,3.57
1322611200000,3.68
1322524800000,3.47
1322438400000,3.60
1322179200000,3.40
1322006400000,3.36
1321920000000,3.56
1321833600000,3.48
1321574400000,3.67
1321488000000,3.74
1321401600000,3.84
1321315200000,3.92
1321228800000,3.93
1320969600000,4.00
1320883200000,3.87
1320796800000,3.95
1320710400000,4.23
1320624000000,3.95
1320364800000,3.67
1320278400000,3.67
1320192000000,3.76
1320105600000,3.66
1320019200000,3.75
1319760000000,3.76
1319673600000,3.88
1319587200000,3.81
1319500800000,3.55
1319414400000,3.80
1319155200000,3.83
1319068800000,3.87
1318982400000,4.44
1318896000000,4.55
1318809600000,4.37
1318550400000,4.59
1318464000000,4.47
1318377600000,4.38
1318291200000,4.24
1318204800000,4.25
1317945600000,4.11
1317859200000,4.28
1317772800000,4.17
1317686400000,4.07
1317600000000,3.80
1317340800000,4.06
1317254400000,4.20
1317168000000,4.07
1317081600000,4.33
1316995200000,4.26
1316736000000,4.27
1316649600000,4.18
1316563200000,4.46
1316476800000,4.60
1316390400000,4.80
1316131200000,4.70
1316044800000,4.72
1315958400000,4.67
1315872000000,4.69
1315785600000,4.39
1315526400000,4.24
1315440000000,4.46
1315353600000,4.46
1315267200000,4.52
1314921600000,4.11
1314835200000,4.06
1314748800000,4.33
1314662400000,4.56
1314576000000,4.54
1314316800000,4.25
1314230400000,3.80
1314144000000,3.81
1314057600000,3.46
1313971200000,3.21
1313712000000,3.14
1313625600000,3.31
1313539200000,3.57
1313452800000,3.60
1313366400000,3.72
1313107200000,3.63
1313020800000,3.55
1312934400000,3.30
1312848000000,3.59
1312761600000,3.07
1312502400000,3.42
1312416000000,3.57
1312329600000,3.92
1312243200000,3.65
1312156800000,3.96
1311897600000,3.90
1311811200000,3.94
1311724800000,3.89
1311638400000,4.07
1311552000000,4.29
1311292800000,4.59
1311206400000,4.64
1311120000000,5.16
1311033600000,4.95
1310947200000,4.67
1310688000000,4.54
1310601600000,4.53
1310515200000,4.84
1310428800000,4.63
1310342400000,5.23
1310083200000,5.21
1309996800000,5.18
1309910400000,4.86
1309824000000,4.85
1309478400000,4.86
1309392000000,4.89
1309305600000,4.45
1309219200000,4.58
1309132800000,4.33
1308873600000,4.02
1308787200000,4.16
1308700800000,3.95
1308614400000,4.13
1308528000000,3.86
1308268800000,3.68
1308182400000,3.70
1308096000000,3.51
1308009600000,3.60
1307923200000,3.78
1307664000000,3.46
1307577600000,3.45
1307491200000,3.48
1307404800000,3.77
1307318400000,3.15
1307059200000,3.36
1306972800000,3.38
1306886400000,3.37
1306800000000,3.41
1306454400000,3.46
1306368000000,3.54
1306281600000,3.20
1306195200000,3.14
1306108800000,2.93
1305849600000,2.96
1305763200000,2.93
1305676800000,2.93
1305590400000,2.85
1305504000000,2.90
1305244800000,3.01
1305158400000,3.08
1305072000000,2.99
1304985600000,3.17
1304899200000,3.04
1304640000000,2.94
1304553600000,2.96
1304467200000,2.87
1304380800000,3.05
1304294400000,3.10
1304035200000,3.11
1303948800000,3.11
1303862400000,3.12
1303776000000,3.10
1303689600000,3.02
1303344000000,3.07
1303257600000,3.03
1303171200000,2.89
1303084800000,2.89
1302825600000,2.93
1302739200000,2.84
1302652800000,2.88
1302566400000,2.91
1302480000000,3.01
1302220800000,2.93
1302134400000,2.95
1302048000000,2.84
1301961600000,2.90
1301875200000,2.92
1301616000000,2.91
1301529600000,2.81
1301443200000,2.82
1301356800000,2.78
1301270400000,2.78
1301011200000,2.85
1300924800000,2.76
1300838400000,2.65
1300752000000,2.65
1300665600000,2.67
1300406400000,2.64
1300320000000,2.57
1300233600000,2.59
1300147200000,2.58
1300060800000,2.74
1299801600000,2.85
1299715200000,2.78
1299628800000,2.92
1299542400000,3.15
1299456000000,2.74
1299196800000,2.74
1299110400000,2.76
1299024000000,2.72
1298937600000,2.65
1298851200000,2.72
1298592000000,2.61
1298505600000,2.41
1298419200000,2.46
1298332800000,2.55
1297987200000,2.61
1297900800000,2.64
1297814400000,2.59
1297728000000,2.55
1297641600000,2.56
1297382400000,2.63
1297296000000,2.66
1297209600000,2.68
1297123200000,2.73
1297036800000,2.73
1296777600000,2.74
1296691200000,2.72
1296604800000,2.80
1296518400000,2.68
1296432000000,2.61
1296172800000,2.66
1296086400000,2.69
1296000000000,2.82
1295913600000,2.80
1295827200000,2.75
1295568000000,2.70
1295481600000,2.56
1295395200000,2.62
1295308800000,2.74
1294963200000,2.78
1294876800000,2.78
1294790400000,2.73
1294704000000,2.66
1294617600000,2.61
1294358400000,2.73
1294272000000,2.79
1294185600000,2.73
1294099200000,2.65
1294012800000,2.54
1293753600000,2.38
1293667200000,2.19
1293580800000,2.13
1293494400000,2.19
1293408000000,2.22
1293062400000,2.27
1292976000000,2.25
1292889600000,2.25
1292803200000,2.26
1292544000000,2.28
1292457600000,2.31
1292371200000,2.25
1292284800000,2.25
1292198400000,2.28
1291939200000,2.23
1291852800000,2.28
1291766400000,2.33
1291680000000,2.24
1291593600000,2.36
1291334400000,2.61
1291248000000,2.75
1291161600000,2.80
1291075200000,2.64
1290988800000,2.83
1290729600000,2.88
1290556800000,2.97
1290470400000,2.96
1290384000000,3.02
1290124800000,2.96
1290038400000,2.97
1289952000000,3.04
1289865600000,2.90
1289779200000,2.99
1289520000000,3.15
1289433600000,3.25
1289347200000,3.30
1289260800000,3.16
1289174400000,3.20
1288915200000,2.98
1288828800000,2.92
1288742400000,2.84
1288656000000,2.83
1288569600000,2.79
1288310400000,2.90
1288224000000,2.82
1288137600000,2.82
1288051200000,2.88
1287964800000,2.88
1287705600000,2.71
1287619200000,2.49
1287532800000,2.37
1287446400000,2.34
1287360000000,2.42
1287100800000,2.27
1287014400000,2.23
1286928000000,2.26
1286841600000,2.19
1286755200000,2.27
1286496000000,2.30
1286409600000,2.27
1286323200000,2.17
1286236800000,2.40
1286150400000,2.26
1285891200000,2.20
1285804800000,2.15
1285718400000,2.04
1285632000000,2.09
1285545600000,2.20
1285286400000,2.00
1285200000000,1.96
1285113600000,1.92
1285027200000,1.91
1284940800000,1.85
1284681600000,1.85
1284595200000,1.82
1284508800000,1.76
1284422400000,1.71
1284336000000,1.66
1284076800000,1.68
1283990400000,1.60
1283904000000,1.77
1283817600000,1.66
1283472000000,1.64
1283385600000,1.58
1283299200000,1.42
1283212800000,1.37
1283126400000,1.39
1282867200000,1.42
1282780800000,1.43
1282694400000,1.42
1282608000000,1.36
1282521600000,1.39
1282262400000,1.42
1282176000000,1.42
1282089600000,1.39
1282003200000,1.37
1281916800000,1.33
1281657600000,1.38
1281571200000,1.36
1281484800000,1.33
1281398400000,1.33
1281312000000,1.40
1281052800000,1.43
1280966400000,1.38
1280880000000,1.41
1280793600000,1.40
1280707200000,1.46
1280448000000,1.43
1280361600000,1.47
1280275200000,1.49
1280188800000,1.41
1280102400000,1.43
1279843200000,1.48
1279756800000,1.45
1279670400000,1.44
1279584000000,1.36
1279497600000,1.35
1279238400000,1.37
1279152000000,1.43
1279065600000,1.40
1278979200000,1.35
1278892800000,1.35
1278633600000,1.30
1278547200000,1.34
1278460800000,1.35
1278374400000,1.31
1278028800000,1.25
1277942400000,1.31
1277856000000,1.25
1277769600000,1.30
1277683200000,1.35
1277424000000,1.41
1277337600000,1.35
1277251200000,1.35
1277164800000,1.35
1277078400000,1.41
1276819200000,1.53
1276732800000,1.50
1276646400000,1.42
1276560000000,1.38
1276473600000,1.34
1276214400000,1.32
1276128000000,1.31
1276041600000,1.29
1275955200000,1.28
1275868800000,1.29
1275609600000,1.37
1275523200000,1.44
1275436800000,1.38
1275350400000,1.27
1275004800000,1.32
1274918400000,1.32
1274832000000,1.18
1274745600000,1.17
1274659200000,1.17
1274400000000,1.17
1274313600000,1.14
1274227200000,1.22
1274140800000,1.21
1274054400000,1.20
1273795200000,1.20
1273708800000,1.25
1273622400000,1.22
1273536000000,1.21
1273449600000,1.22
1273190400000,1.21
1273104000000,1.28
1273017600000,1.33
1272931200000,1.23
1272844800000,1.41
1272585600000,1.39
1272499200000,1.39
1272412800000,1.34
1272326400000,1.35
1272240000000,1.47
1271980800000,1.46
1271894400000,1.48
1271808000000,1.48
1271721600000,1.48
1271635200000,1.49
1271376000000,1.50
1271289600000,1.51
1271203200000,1.48
1271116800000,1.52
1271030400000,1.53
1270771200000,1.55
1270684800000,1.55
1270598400000,1.54
1270512000000,1.53
1270425600000,1.51
1270080000000,1.42
1269993600000,1.45
1269907200000,1.38
1269820800000,1.39
1269561600000,1.41
1269475200000,1.46
1269388800000,1.40
1269302400000,1.32
1269216000000,1.33
1268956800000,1.25
1268870400000,1.26
1268784000000,1.26
1268697600000,1.29
1268611200000,1.27
1268352000000,1.31
1268265600000,1.30
1268179200000,1.31
1268092800000,1.29
1268006400000,1.26
1267747200000,1.28
1267660800000,1.31
1267574400000,1.30
1267488000000,1.32
1267401600000,1.29
1267142400000,1.34
1267056000000,1.34
1266969600000,1.33
1266883200000,1.39
1266796800000,1.38
1266537600000,1.36
1266451200000,1.34
1266364800000,1.34
1266278400000,1.36
1265932800000,1.39
1265846400000,1.30
1265760000000,1.26
1265673600000,1.26
1265587200000,1.26
1265328000000,1.26
1265241600000,1.26
1265155200000,1.27
1265068800000,1.26
1264982400000,1.27
1264723200000,1.21
1264636800000,1.20
1264550400000,1.30
1264464000000,1.21
1264377600000,1.21
1264118400000,1.32
1264032000000,1.35
1263945600000,1.34
1263859200000,1.35
1263513600000,1.37
1263427200000,1.39
1263340800000,1.50
1263254400000,1.45
1263168000000,1.55
1262908800000,1.60
1262822400000,1.63
1262736000000,1.60
1262649600000,1.57
1262563200000,1.55
1262217600000,1.50
1262131200000,1.45
1262044800000,1.42
1261958400000,1.44
1261612800000,1.47
1261526400000,1.43
1261440000000,1.37
1261353600000,1.41
1261094400000,1.41
1261008000000,1.33
1260921600000,1.45
1260835200000,1.24
1260748800000,1.19
1260489600000,1.19
1260403200000,1.18
1260316800000,1.19
1260230400000,1.20
1260144000000,1.25
1259884800000,1.22
1259798400000,1.25
1259712000000,1.30
1259625600000,1.40
1259539200000,1.14
1259280000000,1.12
1259107200000,1.10
1259020800000,1.07
1258934400000,1.07
1258675200000,1.08
1258588800000,1.10
1258502400000,1.07
1258416000000,1.07
1258329600000,1.10
1258070400000,1.10
1257984000000,1.10
1257897600000,1.13
1257811200000,1.10
1257724800000,1.10
1257465600000,1.14
1257379200000,1.15
1257292800000,1.15
1257206400000,1.17
1257120000000,1.13
1256860800000,1.18
1256774400000,1.20
1256688000000,1.10
1256601600000,1.16
1256515200000,1.18
1256256000000,1.20
1256169600000,1.20
1256083200000,1.22
1255996800000,1.18
1255910400000,1.18
1255651200000,1.16
1255564800000,1.26
1255478400000,1.28
1255392000000,1.29
1255305600000,1.30
1255046400000,1.20
1254960000000,1.10
1254873600000,1.03
1254787200000,0.91
1254700800000,0.91
1254441600000,0.90
1254355200000,0.89
1254268800000,0.88
1254182400000,0.88
1254096000000,0.87
1253836800000,0.90
1253750400000,0.93
1253664000000,0.94
1253577600000,0.94
1253491200000,0.93
1253232000000,0.86
1253145600000,0.91
1253059200000,0.92
1252972800000,0.92
1252886400000,0.93
1252627200000,0.92
1252540800000,0.93
1252454400000,0.91
1252368000000,0.95
1252022400000,0.93
1251936000000,0.92
1251849600000,0.94
1251763200000,0.89
1251676800000,0.92
1251417600000,0.93
1251331200000,0.99
1251244800000,0.92
1251158400000,1.05
1251072000000,0.76
1250812800000,0.74
1250726400000,0.74
1250640000000,0.74
1250553600000,0.71
1250467200000,0.71
1250208000000,0.72
1250121600000,0.73
1250035200000,0.70
1249948800000,0.71
1249862400000,0.73
1249603200000,0.73
1249516800000,0.75
1249430400000,0.77
1249344000000,0.75
1249257600000,0.75
1248998400000,0.73
1248912000000,0.75
1248825600000,0.74
1248739200000,0.74
1248652800000,0.80
1248393600000,0.69
1248307200000,0.65
1248220800000,0.68
1248134400000,0.70
1248048000000,0.70
1247788800000,0.65
1247702400000,0.63
1247616000000,0.66
1247529600000,0.64
1247443200000,0.62
1247184000000,0.64
1247097600000,0.62
1247011200000,0.62
1246924800000,0.61
1246838400000,0.61
1246492800000,0.60
1246406400000,0.62
1246320000000,0.60
1246233600000,0.58
1245974400000,0.58
1245888000000,0.62
1245801600000,0.60
1245715200000,0.62
1245628800000,0.60
1245369600000,0.61
1245283200000,0.62
1245196800000,0.63
1245110400000,0.62
1245024000000,0.63
1244764800000,0.64
1244678400000,0.66
1244592000000,0.65
1244505600000,0.67
1244419200000,0.66
1244160000000,0.66
1244073600000,0.66
1243987200000,0.65
1243900800000,0.66
1243814400000,0.67
1243555200000,0.68
1243468800000,0.60
1243382400000,0.61
1243296000000,0.61
1242950400000,0.64
1242864000000,0.72
1242777600000,0.72
1242691200000,0.71
1242604800000,0.70
1242345600000,0.70
1242259200000,0.71
1242172800000,0.71
1242086400000,0.73
1242000000000,0.74
1241740800000,0.74
1241654400000,0.75
1241568000000,0.76
1241481600000,0.76
1241395200000,0.75
1241136000000,0.70
1241049600000,0.75
1240963200000,0.71
1240876800000,0.72
1240790400000,0.73
1240531200000,0.76
1240444800000,0.76
1240358400000,0.79
1240272000000,0.76
1240185600000,0.75
1239926400000,0.74
1239840000000,0.74
1239753600000,0.71
1239667200000,0.71
1239580800000,0.71
1239235200000,0.78
1239148800000,0.70
1239062400000,0.79
1238976000000,0.85
1238716800000,0.80
1238630400000,0.77
1238544000000,0.60
1238457600000,0.57
1238371200000,0.54
1238112000000,0.51
1238025600000,0.51
1237939200000,0.51
1237852800000,0.52
1237766400000,0.53
1237507200000,0.50
1237420800000,0.51
1237334400000,0.51
1237248000000,0.50
1237161600000,0.48
1236902400000,0.50
1236816000000,0.49
1236729600000,0.48
1236643200000,0.45
1236556800000,0.45
1236297600000,0.46
1236211200000,0.48
1236124800000,0.48
1236038400000,0.49
1235952000000,0.49
1235692800000,0.50
1235606400000,0.48
1235520000000,0.48
1235433600000,0.49
1235347200000,0.48
1235088000000,0.50
1235001600000,0.50
1234915200000,0.54
1234828800000,0.54
1234483200000,0.55
1234396800000,0.53
1234310400000,0.52
1234224000000,0.57
1234137600000,0.55
1233878400000,0.57
1233792000000,0.55
1233705600000,0.57
1233619200000,0.55
1233532800000,0.58
1233273600000,0.60
1233187200000,0.51
1233100800000,0.56
1233014400000,0.55
1232928000000,0.53
1232668800000,0.56
1232582400000,0.55
1232496000000,0.56
1232409600000,0.61
1232064000000,0.58
1231977600000,0.52
1231891200000,0.65
1231804800000,0.65
1231718400000,0.61
1231459200000,0.63
1231372800000,0.62
1231286400000,0.59
1231200000000,0.59
1231113600000,0.53
1230854400000,0.45
1230681600000,0.48
1230595200000,0.45
1230508800000,0.45
1230249600000,0.43
1230076800000,0.46
1229990400000,0.42
1229904000000,0.45
1229644800000,0.42
1229558400000,0.47
1229472000000,0.47
1229385600000,0.47
1229299200000,0.44
1229040000000,0.45
1228953600000,0.44
1228867200000,0.46
1228780800000,0.46
1228694400000,0.44
1228435200000,0.42
1228348800000,0.42
1228262400000,0.43
1228176000000,0.45
1228089600000,0.43
1227830400000,0.46
1227657600000,0.47
1227571200000,0.47
1227484800000,0.49
1227225600000,0.49
1227139200000,0.43
1227052800000,0.53
1226966400000,0.59
1226880000000,0.62
1226620800000,0.57
1226534400000,0.59
1226448000000,0.59
1226361600000,0.61
1226275200000,0.64
1226016000000,0.63
1225929600000,0.63
1225843200000,0.63
1225756800000,0.68
1225670400000,0.68
1225411200000,0.72
1225324800000,0.78
1225238400000,0.76
1225152000000,0.71
1225065600000,0.72
1224806400000,0.76
1224720000000,0.82
1224633600000,0.89
1224547200000,0.90
1224460800000,0.88
1224201600000,0.81
1224115200000,0.76
1224028800000,0.74
1223942400000,0.74
1223856000000,0.70
1223596800000,0.68
1223510400000,0.69
1223424000000,0.70
1223337600000,0.71
1223251200000,0.74
1222992000000,0.85
1222905600000,0.86
1222819200000,0.83
1222732800000,0.87
1222646400000,0.90
1222387200000,0.93
1222300800000,0.94
1222214400000,0.95
1222128000000,0.95
1222041600000,0.97
1221782400000,1.00
1221696000000,0.94
1221609600000,0.93
1221523200000,0.95
1221436800000,0.97
1221177600000,0.98
1221091200000,0.95
1221004800000,0.98
1220918400000,1.02
1220832000000,1.08
1220572800000,1.01
1220486400000,1.03
1220400000000,1.02
1220313600000,1.05
1219968000000,1.03
1219881600000,1.06
1219795200000,1.07
1219708800000,1.06
1219622400000,1.10
1219363200000,1.08
1219276800000,1.07
1219190400000,1.11
1219104000000,1.10
1219017600000,1.11
1218758400000,1.08
1218672000000,1.08
1218585600000,1.06
1218499200000,1.06
1218412800000,1.08
1218153600000,1.09
1218067200000,1.05
1217980800000,1.04
1217894400000,1.03
1217808000000,1.08
1217548800000,1.10
1217462400000,1.12
1217376000000,1.09
1217289600000,1.08
1217203200000,1.08
1216944000000,1.06
1216857600000,1.04
1216771200000,1.05
1216684800000,1.05
1216598400000,1.01
1216339200000,1.04
1216252800000,1.03
1216166400000,1.01
1216080000000,0.98
1215993600000,1.07
1215734400000,1.07
1215648000000,1.09
1215561600000,1.08
1215475200000,1.14
1215388800000,1.06
1215043200000,1.08
1214956800000,1.10
1214870400000,1.11
1214784000000,1.14
1214524800000,1.16
1214438400000,1.15
1214352000000,1.18
1214265600000,1.19
1214179200000,1.22
1213920000000,1.26
1213833600000,1.26
1213747200000,1.27
1213660800000,1.19
1213574400000,1.19
1213315200000,1.19
1213228800000,1.16
1213142400000,1.17
1213056000000,1.16
1212969600000,1.13
1212710400000,1.17
1212624000000,1.16
1212537600000,1.19
1212451200000,1.17
1212364800000,1.18
1212105600000,1.16
1212019200000,1.22
1211932800000,1.19
1211846400000,1.17
1211500800000,1.19
1211414400000,1.18
1211328000000,1.17
1211241600000,1.15
1211155200000,1.13
1210896000000,1.14
1210809600000,1.13
1210723200000,1.15
1210636800000,1.15
1210550400000,1.16
1210291200000,1.16
1210204800000,1.16
1210118400000,1.15
1210032000000,1.13
1209945600000,1.12
1209686400000,1.14
1209600000000,1.16
1209513600000,1.13
1209427200000,1.13
1209340800000,1.14
1209081600000,1.10
1208995200000,1.13
1208908800000,1.15
1208822400000,1.15
1208736000000,1.13
1208476800000,1.17
1208390400000,1.16
1208304000000,1.09
1208217600000,1.10
1208131200000,1.02
1207872000000,1.02
1207785600000,1.06
1207699200000,1.08
1207612800000,1.05
1207526400000,1.07
1207267200000,1.07
1207180800000,1.02
1207094400000,1.01
1207008000000,0.97
1206921600000,0.98
1206662400000,0.97
1206576000000,0.98
1206489600000,0.98
1206403200000,0.95
1206316800000,0.97
1205971200000,0.94
1205884800000,0.95
1205798400000,0.98
1205712000000,0.96
1205452800000,0.98
1205366400000,0.98
1205280000000,0.98
1205193600000,0.99
1205107200000,0.96
1204848000000,1.01
1204761600000,1.02
1204675200000,1.02
1204588800000,1.03
1204502400000,1.07
1204243200000,1.05
1204156800000,1.08
1204070400000,1.09
1203984000000,1.12
1203897600000,1.11
1203638400000,1.04
1203552000000,1.12
1203465600000,1.12
1203379200000,1.15
1203033600000,1.17
1202947200000,1.18
1202860800000,1.17
1202774400000,1.16
1202688000000,1.17
1202428800000,1.15
1202342400000,1.15
1202256000000,1.22
1202169600000,1.17
1202083200000,1.23
1201824000000,1.22
1201737600000,1.19
1201651200000,1.24
1201564800000,1.26
1201478400000,1.21
1201219200000,1.20
1201132800000,1.14
1201046400000,1.07
1200960000000,1.07
1200614400000,1.13
1200528000000,1.14
1200441600000,1.07
1200355200000,1.10
1200268800000,0.99
1200009600000,0.98
1199923200000,1.00
1199836800000,1.01
1199750400000,1.02
1199664000000,1.01
1199404800000,1.02
1199318400000,1.02
1199232000000,1.01
1199059200000,0.89
1198800000000,0.86
1198713600000,0.86
1198627200000,0.89
1198454400000,0.91
1198195200000,0.92
1198108800000,0.93
1198022400000,0.93
1197936000000,0.90
1197849600000,0.97
1197590400000,1.02
1197504000000,0.98
1197417600000,0.96
1197331200000,1.00
1197244800000,1.06
1196985600000,1.06
1196899200000,1.03
1196812800000,1.05
1196726400000,1.08
1196640000000,1.08
1196380800000,1.06
1196294400000,1.07
1196208000000,1.06
1196121600000,1.01
1196035200000,1.05
1195776000000,1.06
1195603200000,1.05
1195516800000,1.07
1195430400000,1.08
1195171200000,1.11
1195084800000,1.13
1194998400000,1.12
1194912000000,1.12
1194825600000,1.12
1194566400000,1.19
1194480000000,1.25
1194393600000,1.27
1194307200000,1.29
1194220800000,1.29
1193961600000,1.25
1193875200000,1.46
1193788800000,1.53
1193702400000,1.47
1193616000000,1.44
1193356800000,1.40
1193270400000,1.40
1193184000000,1.39
1193097600000,1.43
1193011200000,1.37
1192752000000,1.47
1192665600000,1.50
1192579200000,1.48
1192492800000,1.38
1192406400000,1.31
1192147200000,1.35
1192060800000,1.30
1191974400000,1.33
1191888000000,1.33
1191801600000,1.26
1191542400000,1.25
1191456000000,1.25
1191369600000,1.26
1191283200000,1.27
1191196800000,1.25
1190937600000,1.25
1190851200000,1.27
1190764800000,1.28
1190678400000,1.24
1190592000000,1.25
1190332800000,1.25
1190246400000,1.25
1190160000000,1.23
1190073600000,1.22
1189987200000,1.24
1189728000000,1.24
1189641600000,1.24
1189555200000,1.25
1189468800000,1.26
1189382400000,1.25
1189123200000,1.26
1189036800000,1.27
1188950400000,1.28
1188864000000,1.29
1188518400000,1.26
1188432000000,1.26
1188345600000,1.28
1188259200000,1.26
1188172800000,1.26
1187913600000,1.27
1187827200000,1.27
1187740800000,1.26
1187654400000,1.26
1187568000000,1.29
1187308800000,1.26
1187222400000,1.22
1187136000000,1.30
1187049600000,1.31
1186963200000,1.32
1186704000000,1.40
1186617600000,1.35
1186531200000,1.40
1186444800000,1.36
1186358400000,1.39
1186099200000,1.48
1186012800000,1.52
1185926400000,1.33
1185840000000,1.33
1185753600000,1.31
1185494400000,1.31
1185408000000,1.31
1185321600000,1.31
1185235200000,1.34
1185148800000,1.38
1184889600000,1.40
1184803200000,1.41
1184716800000,1.33
1184630400000,1.33
1184544000000,1.35
1184284800000,1.34
1184198400000,1.32
1184112000000,1.34
1184025600000,1.34
1183939200000,1.36
1183680000000,1.36
1183593600000,1.37
1183420800000,1.38
1183334400000,1.37
1183075200000,1.39
1182988800000,1.38
1182902400000,1.37
1182816000000,1.37
1182729600000,1.35
1182470400000,1.35
1182384000000,1.39
1182297600000,1.38
1182211200000,1.39
1182124800000,1.42
1181865600000,1.39
1181779200000,1.40
1181692800000,1.40
1181606400000,1.42
1181520000000,1.43
1181260800000,1.42
1181174400000,1.43
1181088000000,1.48
1181001600000,1.49
1180915200000,1.51
1180656000000,1.44
1180569600000,1.44
1180483200000,1.43
1180396800000,1.40
1180051200000,1.36
1179964800000,1.39
1179878400000,1.40
1179792000000,1.37
1179705600000,1.43
1179446400000,1.42
1179360000000,1.37
1179273600000,1.43
1179187200000,1.43
1179100800000,1.46
1178841600000,1.37
1178755200000,1.39
1178668800000,1.36
1178582400000,1.35
1178496000000,1.39
1178236800000,1.48
1178150400000,1.41
1178064000000,1.38
1177977600000,1.36
1177891200000,1.33
1177632000000,1.24
1177545600000,1.25
1177459200000,1.27
1177372800000,1.29
1177286400000,1.33
1177027200000,1.36
1176940800000,1.41
1176854400000,1.39
1176768000000,1.44
1176681600000,1.41
1176422400000,1.42
1176336000000,1.43
1176249600000,1.48
1176163200000,1.51
1176076800000,1.53
1175731200000,1.51
1175644800000,1.50
1175558400000,1.49
1175472000000,1.45
1175212800000,1.46
1175126400000,1.49
1175040000000,1.50
1174953600000,1.49
1174867200000,1.49
1174608000000,1.50
1174521600000,1.40
1174435200000,1.46
1174348800000,1.43
1174262400000,1.41
1174003200000,1.41
1173916800000,1.39
1173830400000,1.40
1173744000000,1.39
1173657600000,1.39
1173398400000,1.41
1173312000000,1.44
1173225600000,1.46
1173139200000,1.47
1173052800000,1.50
1172793600000,1.41
1172707200000,1.39
1172620800000,1.42
1172534400000,1.41
1172448000000,1.53
1172188800000,1.56
1172102400000,1.60
1172016000000,1.55
1171929600000,1.58
1171584000000,1.45
1171497600000,1.42
1171411200000,1.46
1171324800000,1.49
1171238400000,1.47
1170979200000,1.50
1170892800000,1.50
1170806400000,1.42
1170720000000,1.42
1170633600000,1.42
1170374400000,1.44
1170288000000,1.50
1170201600000,1.79
1170115200000,1.77
1170028800000,1.60
1169769600000,1.67
1169683200000,1.60
1169596800000,1.55
1169510400000,1.42
1169424000000,1.41
1169164800000,1.38
1169078400000,1.39
1168992000000,1.47
1168905600000,1.47
1168560000000,1.49
1168473600000,1.41
1168387200000,1.37
1168300800000,1.42
1168214400000,1.50
1167955200000,1.25
1167868800000,1.25
1167782400000,1.16
1167350400000,1.17
1167264000000,1.21
1167177600000,1.24
1167091200000,1.20
1166745600000,1.18
1166659200000,1.20
1166572800000,1.23
1166486400000,1.20
1166400000000,1.20
1166140800000,1.31
1166054400000,1.42
1165968000000,1.38
1165881600000,1.41
1165795200000,1.52
1165536000000,1.58
1165449600000,1.56
1165363200000,1.51
1165276800000,1.56
1165190400000,1.61
1164931200000,1.66
1164844800000,1.64
1164758400000,1.74
1164672000000,1.61
1164585600000,1.70
1164326400000,1.81
1164153600000,1.84
1164067200000,1.90
1163980800000,1.88
1163721600000,1.82
1163635200000,1.86
1163548800000,1.88
1163462400000,1.81
1163376000000,1.69
1163116800000,1.75
1163030400000,1.56
1162944000000,1.52
1162857600000,1.53
1162771200000,1.52
1162512000000,1.52
1162425600000,1.55
1162339200000,1.57
1162252800000,1.43
1162166400000,1.40
1161907200000,1.35
1161820800000,1.40
1161734400000,1.24
1161648000000,1.27
1161561600000,1.30
1161302400000,1.24
1161216000000,1.24
1161129600000,1.20
1161043200000,1.25
1160956800000,1.27
1160697600000,1.30
1160611200000,1.29
1160524800000,1.25
1160438400000,1.29
1160352000000,1.18
1160092800000,1.17
1160006400000,1.15
1159920000000,1.14
1159833600000,1.10
1159747200000,1.08
1159488000000,1.06
1159401600000,1.05
1159315200000,1.08
1159228800000,1.13
1159142400000,1.13
1158883200000,1.19
1158796800000,1.12
1158710400000,1.19
1158624000000,0.99
1158537600000,0.96
1158278400000,0.98
1158192000000,0.97
1158105600000,0.93
1158019200000,0.91
1157932800000,0.91
1157673600000,0.89
1157587200000,0.91
1157500800000,0.95
1157414400000,0.95
1157068800000,0.98
1156982400000,0.99
1156896000000,0.95
1156809600000,0.95
1156723200000,0.96
1156464000000,0.95
1156377600000,0.86
1156291200000,0.88
1156204800000,0.89
1156118400000,0.94
1155859200000,0.92
1155772800000,0.87
1155686400000,0.78
1155600000000,0.74
1155513600000,0.69
1155254400000,0.70
1155168000000,0.70
1155081600000,0.76
1154995200000,0.75
1154908800000,0.80
1154649600000,0.78
1154563200000,0.74
1154476800000,0.68
1154390400000,0.70
1154304000000,0.71
1154044800000,0.76
1153958400000,0.87
1153872000000,0.97
1153785600000,0.89
1153699200000,0.92
1153440000000,0.93
1153353600000,0.92
1153267200000,0.94
1153180800000,0.96
1153094400000,0.95
1152835200000,0.92
1152748800000,0.96
1152662400000,1.00
1152576000000,1.02
1152489600000,1.00
1152230400000,1.01
1152144000000,1.07
1152057600000,1.03
1151884800000,0.99
1151625600000,0.98
1151539200000,0.91
1151452800000,0.91
1151366400000,0.91
1151280000000,0.98
1151020800000,1.03
1150934400000,1.01
1150848000000,1.03
1150761600000,1.02
1150675200000,1.07
1150416000000,1.05
1150329600000,1.05
1150243200000,1.01
1150156800000,0.95
1150070400000,0.98
1149811200000,1.11
1149724800000,1.10
1149638400000,1.22
1149552000000,1.25
1149465600000,1.30
1149206400000,1.37
1149120000000,1.35
1149033600000,1.28
1148947200000,1.31
1148601600000,1.39
1148515200000,1.34
1148428800000,1.44
1148342400000,1.48
1148256000000,1.49
1147996800000,1.61
1147910400000,1.41
1147824000000,1.45
1147737600000,1.54
1147651200000,1.54
1147392000000,1.55
1147305600000,1.61
1147219200000,1.60
1147132800000,1.63
1147046400000,1.62
1146787200000,1.64
1146700800000,1.65
1146614400000,1.65
1146528000000,1.63
1146441600000,1.60
1146182400000,1.64
1146096000000,1.68
1146009600000,1.68
1145923200000,1.58
1145836800000,1.58
1145577600000,1.60
1145491200000,1.60
1145404800000,1.59
1145318400000,1.56
1145232000000,1.59
1144886400000,1.60
1144800000000,1.59
1144713600000,1.62
1144627200000,1.62
1144368000000,1.68
1144281600000,1.70
1144195200000,1.70
1144108800000,1.73
1144022400000,1.72
1143763200000,1.75
1143676800000,1.78
1143590400000,1.79
1143504000000,1.77
1143417600000,1.85
1143158400000,1.77
1143072000000,1.72
1142985600000,1.75
1142899200000,1.65
1142812800000,1.69
1142553600000,1.71
1142467200000,1.74
1142380800000,1.65
1142294400000,1.61
1142208000000,1.59
1141948800000,1.65
1141862400000,1.56
1141776000000,1.67
1141689600000,1.67
1141603200000,1.71
1141344000000,1.79
1141257600000,1.70
1141171200000,1.70
1141084800000,1.68
1140998400000,1.70
1140739200000,1.71
1140652800000,1.68
1140566400000,1.71
1140480000000,1.76
1140134400000,1.81
1140048000000,1.83
1139961600000,1.85
1139875200000,1.88
1139788800000,1.84
1139529600000,1.85
1139443200000,1.89
1139356800000,1.87
1139270400000,1.83
1139184000000,1.87
1138924800000,1.90
1138838400000,1.93
1138752000000,1.93
1138665600000,1.99
1138579200000,2.01
1138320000000,1.89
1138233600000,1.92
1138147200000,1.88
1138060800000,2.05
1137974400000,1.88
1137715200000,1.89
1137628800000,1.97
1137542400000,1.98
1137456000000,2.01
1137110400000,2.04
1137024000000,2.04
1136937600000,2.08
1136851200000,1.97
1136764800000,2.03
1136505600000,2.04
1136419200000,2.01
1136332800000,1.98
1136246400000,1.85
1135900800000,1.85
1135814400000,1.99
1135728000000,1.75
1135641600000,1.81
1135296000000,1.92
1135209600000,1.89
1135123200000,1.99
1135036800000,2.10
1134950400000,2.15
1134691200000,2.34
1134604800000,2.22
1134518400000,2.52
1134432000000,2.12
1134345600000,2.54
1134086400000,1.74
1134000000000,1.22
1133913600000,1.30
1133827200000,1.36
1133740800000,1.44
1133481600000,1.60
1133395200000,1.56
1133308800000,1.60
1133222400000,1.61
1133136000000,1.60
1132876800000,1.62
1132704000000,1.62
1132617600000,1.63
1132531200000,1.65
1132272000000,1.65
1132185600000,1.65
1132099200000,1.67
1132012800000,1.67
1131926400000,1.71
1131667200000,1.72
1131580800000,1.67
1131494400000,1.71
1131408000000,1.78
1131321600000,1.78
1131062400000,1.71
1130976000000,1.72
1130889600000,1.61
1130803200000,1.65
1130716800000,1.64
1130457600000,1.60
1130371200000,1.53
1130284800000,1.70
1130198400000,1.69
1130112000000,1.72
1129852800000,1.69
1129766400000,1.74
1129680000000,1.78
1129593600000,1.67
1129507200000,1.81
1129248000000,1.89
1129161600000,1.86
1129075200000,1.81
1128988800000,1.86
1128902400000,1.94
1128643200000,1.95
1128556800000,1.98
1128470400000,2.01
1128384000000,2.09
1128297600000,2.16
1128038400000,2.03
1127952000000,1.98
1127865600000,1.90
1127779200000,2.01
1127692800000,2.08
1127433600000,2.01
1127347200000,2.08
1127260800000,2.16
1127174400000,2.10
1127088000000,2.02
1126828800000,2.00
1126742400000,2.14
1126656000000,2.23
1126569600000,2.19
1126483200000,2.26
1126224000000,2.10
1126137600000,2.07
1126051200000,1.97
1125964800000,1.93
1125619200000,1.86
1125532800000,1.85
1125446400000,1.90
1125360000000,1.98
1125273600000,1.98
1125014400000,1.97
1124928000000,2.02
1124841600000,1.80
1124755200000,1.78
1124668800000,1.79
1124409600000,1.76
1124323200000,1.74
1124236800000,1.75
1124150400000,1.80
1124064000000,1.79
1123804800000,1.84
1123718400000,1.78
1123632000000,1.76
1123545600000,1.83
1123459200000,1.76
1123200000000,1.84
1123113600000,1.89
1123027200000,1.98
1122940800000,1.97
1122854400000,1.97
1122595200000,1.93
1122508800000,1.96
1122422400000,1.98
1122336000000,1.94
1122249600000,2.01
1121990400000,2.03
1121904000000,2.02
1121817600000,1.91
1121731200000,1.89
1121644800000,1.88
1121385600000,1.89
1121299200000,1.90
1121212800000,1.89
1121126400000,1.88
1121040000000,2.04
1120780800000,1.87
1120694400000,1.56
1120608000000,1.51
1120521600000,1.52
1120176000000,1.64
1120089600000,1.67
1120003200000,1.76
1119916800000,1.78
1119830400000,1.84
1119571200000,1.82
1119484800000,1.87
1119398400000,1.91
1119312000000,1.96
1119225600000,2.01
1118966400000,2.10
1118880000000,2.09
1118793600000,2.13
1118707200000,2.14
1118620800000,2.19
1118361600000,2.28
1118275200000,2.10
1118188800000,2.15
1118102400000,2.15
1118016000000,2.07
1117756800000,2.12
1117670400000,2.04
1117584000000,2.08
1117497600000,1.93
1117152000000,1.84
1117065600000,1.90
1116979200000,1.88
1116892800000,2.24
1116806400000,2.38
1116547200000,2.05
1116460800000,1.80
1116374400000,1.90
1116288000000,1.97
1116201600000,1.70
1115942400000,1.39
1115856000000,1.41
1115769600000,1.44
1115683200000,1.51
1115596800000,1.59
1115337600000,1.59
1115251200000,1.55
1115164800000,1.64
1115078400000,1.65
1114992000000,1.49
1114732800000,1.20
1114646400000,1.04
1114560000000,1.29
1114473600000,1.27
1114387200000,1.32
1114128000000,1.53
1114041600000,1.58
1113955200000,1.54
1113868800000,1.54
1113782400000,1.52
1113523200000,1.60
1113436800000,1.68
1113350400000,1.63
1113264000000,1.63
1113177600000,1.64
1112918400000,1.72
1112832000000,1.73
1112745600000,1.75
1112659200000,1.75
1112572800000,1.75
1112313600000,1.70
1112227200000,1.67
1112140800000,1.67
1112054400000,1.61
1111968000000,1.78
1111622400000,1.84
1111536000000,1.88
1111449600000,1.91
1111363200000,1.95
1111104000000,1.88
1111017600000,1.93
1110931200000,1.99
1110844800000,2.02
1110758400000,2.01
1110499200000,2.00
1110412800000,1.98
1110326400000,2.08
1110240000000,2.18
1110153600000,2.15
1109894400000,2.15
1109808000000,2.39
1109721600000,2.41
1109635200000,2.30
1109548800000,2.24
1109289600000,2.44
1109203200000,2.59
1109116800000,2.73
1109030400000,2.68
1108684800000,2.69
1108598400000,2.70
1108512000000,2.76
1108425600000,2.82
1108339200000,2.82
1108080000000,2.73
1107993600000,2.80
1107907200000,2.91
1107820800000,3.08
1107734400000,2.92
1107475200000,3.02
1107388800000,3.08
1107302400000,3.31
1107216000000,3.06
1107129600000,2.90
1106870400000,2.81
1106784000000,2.82
1106697600000,2.81
1106611200000,2.66
1106524800000,2.59
1106265600000,2.79
1106179200000,2.98
1106092800000,3.04
1106006400000,3.20
1105660800000,3.24
1105574400000,3.32
1105488000000,3.38
1105401600000,3.25
1105315200000,3.50
1105056000000,3.69
1104969600000,3.89
1104883200000,3.88
1104796800000,3.83
1104710400000,4.08
1104451200000,4.07
1104364800000,4.15
1104278400000,4.17
1104192000000,4.19
1104105600000,4.23
1103760000000,3.85
1103673600000,3.80
1103587200000,3.92
1103500800000,3.65
1103241600000,3.83
1103155200000,4.00
1103068800000,3.93
1102982400000,3.90
1102896000000,3.90
1102636800000,4.13
1102550400000,3.99
1102464000000,3.89
1102377600000,4.12
1102291200000,4.49
1102032000000,3.60
1101945600000,3.56
1101859200000,3.50
1101772800000,3.69
1101686400000,3.77
1101427200000,3.78
1101254400000,3.84
1101168000000,3.59
1101081600000,3.41
1100822400000,3.35
1100736000000,3.34
1100649600000,3.23
1100563200000,3.25
1100476800000,3.32
1100217600000,3.26
1100131200000,3.16
1100044800000,3.32
1099958400000,3.49
1099872000000,2.83
1099612800000,2.78
1099526400000,2.78
1099440000000,2.77
1099353600000,2.52
1099267200000,2.78
1099008000000,2.85
1098921600000,2.88
1098835200000,2.84
1098748800000,3.12
1098662400000,3.16
1098403200000,3.28
1098316800000,3.29
1098230400000,3.07
1098144000000,3.03
1098057600000,3.06
1097798400000,3.22
1097712000000,3.22
1097625600000,3.20
1097539200000,3.32
1097452800000,3.31
1097193600000,3.21
1097107200000,3.29
1097020800000,3.45
1096934400000,3.48
1096848000000,3.56
1096588800000,3.61
1096502400000,3.75
1096416000000,3.51
1096329600000,3.45
1096243200000,3.59
1095984000000,3.20
1095897600000,3.46
1095811200000,3.84
1095724800000,3.69
1095638400000,3.31
1095379200000,3.04
1095292800000,2.66
1095206400000,2.61
1095120000000,2.75
1095033600000,2.80
1094774400000,2.68
1094688000000,2.69
1094601600000,2.78
1094515200000,2.82
1094169600000,2.50
1094083200000,2.28
1093996800000,2.05
1093910400000,2.08
1093824000000,2.09
1093564800000,1.93
1093478400000,1.92
1093392000000,1.94
1093305600000,2.04
1093219200000,1.73
1092960000000,1.55
1092873600000,1.39
1092787200000,1.38
1092700800000,1.44
1092614400000,1.52
1092355200000,1.54
1092268800000,1.56
1092182400000,1.55
1092096000000,1.57
1092009600000,1.54
1091750400000,1.56
1091664000000,1.59
1091577600000,1.70
1091491200000,1.78
1091404800000,1.82
1091145600000,1.90
1091059200000,1.87
1090972800000,1.93
1090886400000,1.80
1090800000000,1.73
1090540800000,1.94
1090454400000,1.71
1090368000000,1.67
1090281600000,1.77
1090195200000,1.72
1089936000000,1.75
1089849600000,1.89
1089763200000,2.00
1089676800000,2.11
1089590400000,2.18
1089331200000,2.13
1089244800000,2.08
1089158400000,2.08
1089072000000,2.14
1088726400000,2.27
1088640000000,2.31
1088553600000,2.25
1088467200000,2.43
1088380800000,2.40
1088121600000,2.45
1088035200000,2.53
1087948800000,2.64
1087862400000,2.53
1087776000000,2.45
1087516800000,2.38
1087430400000,2.47
1087344000000,2.37
1087257600000,2.36
1087171200000,2.50
1086825600000,2.58
1086739200000,2.70
1086652800000,2.54
1086566400000,2.60
1086307200000,2.59
1086220800000,2.52
1086134400000,2.67
1086048000000,2.75
1085702400000,2.65
1085616000000,2.80
1085529600000,2.57
1085443200000,2.54
1085356800000,2.62
1085097600000,2.30
1085011200000,2.33
1084924800000,2.38
1084838400000,2.33
1084752000000,2.26
1084492800000,2.35
1084406400000,2.40
1084320000000,2.35
1084233600000,2.50
1084147200000,2.45
1083888000000,2.75
1083801600000,2.80
1083715200000,2.89
1083628800000,3.01
1083542400000,2.83
1083283200000,3.01
1083196800000,3.35
1083110400000,3.14
1083024000000,3.22
1082937600000,3.16
1082678400000,2.79
1082592000000,2.85
1082505600000,2.79
1082419200000,2.91
1082332800000,3.01
1082073600000,2.99
1081987200000,3.04
1081900800000,3.15
1081814400000,3.24
1081728000000,3.37
1081382400000,3.22
1081296000000,3.38
1081209600000,3.40
1081123200000,3.42
1080864000000,3.31
1080777600000,3.54
1080691200000,3.52
1080604800000,3.55
1080518400000,3.18
1080259200000,3.04
1080172800000,2.90
1080086400000,2.75
1080000000000,2.78
1079913600000,2.81
1079654400000,3.15
1079568000000,3.14
1079481600000,3.18
1079395200000,3.10
1079308800000,3.30
1079049600000,3.33
1078963200000,3.31
1078876800000,3.49
1078790400000,3.56
1078704000000,3.67
1078444800000,3.90
1078358400000,4.05
1078272000000,3.60
1078185600000,3.59
1078099200000,3.69
1077840000000,3.85
1077753600000,3.66
1077667200000,3.51
1077580800000,3.47
1077494400000,3.67
1077235200000,3.74
1077148800000,3.90
1077062400000,3.88
1076976000000,4.07
1076630400000,4.25
1076544000000,4.20
1076457600000,4.06
1076371200000,4.06
1076284800000,3.89
1076025600000,3.80
1075939200000,3.81
1075852800000,3.36
1075766400000,3.49
1075680000000,3.76
1075420800000,3.97
1075334400000,3.97
1075248000000,4.55
1075161600000,4.74
1075075200000,4.77
1074816000000,4.62
1074729600000,4.91
1074643200000,5.11
1074556800000,5.25
1074211200000,5.18
1074124800000,5.09
1074038400000,5.34
1073952000000,5.47
1073865600000,5.07
1073606400000,4.94
1073520000000,5.13
1073433600000,5.02
1073347200000,5.39
1073260800000,4.65
1073001600000,4.52
1072828800000,4.45
1072742400000,4.32
1072656000000,4.45
1072396800000,4.59
1072224000000,4.69
1072137600000,4.94
1072051200000,4.80
1071792000000,4.80
1071705600000,4.60
1071619200000,4.60
1071532800000,4.68
1071446400000,4.77
1071187200000,4.69
1071100800000,4.69
1071014400000,4.42
1070928000000,5.65
1070841600000,4.54
1070582400000,5.16
1070496000000,5.62
1070409600000,5.84
1070323200000,5.78
1070236800000,5.97
1069977600000,7.52
1069804800000,6.76
1069718400000,3.78
1069632000000,3.50
1069372800000,3.26
1069286400000,3.59
1069200000000,3.70
1069113600000,3.90
1069027200000,3.53
1068768000000,3.63
1068681600000,3.42
1068595200000,3.70
1068508800000,3.40
1068422400000,3.95
1068163200000,3.15
1068076800000,2.46
1067990400000,2.20
1067904000000,2.38
1067817600000,2.46
1067558400000,2.22
1067472000000,1.90
1067385600000,1.73
1067299200000,1.70
1067212800000,1.58
1066953600000,1.55
1066867200000,1.59
1066780800000,1.57
1066694400000,1.61
1066608000000,1.50
1066348800000,1.45
1066262400000,1.50
1066176000000,1.43
1066089600000,1.54
1066003200000,1.63
1065744000000,1.65
1065657600000,1.66
1065571200000,1.40
1065484800000,1.42
1065398400000,1.45
1065139200000,1.45
1065052800000,1.33
1064966400000,1.38
1064880000000,1.33
1064793600000,1.46
1064534400000,1.59
1064448000000,1.61
1064361600000,1.60
1064275200000,1.80
1064188800000,1.71
1063929600000,1.80
1063843200000,1.73
1063756800000,1.54
1063670400000,1.72
1063584000000,1.83
1063324800000,1.88
1063238400000,1.90
1063152000000,1.55
1063065600000,1.65
1062979200000,1.70
1062720000000,1.56
1062633600000,1.42
1062547200000,1.43
1062460800000,1.54
1062115200000,1.43
1062028800000,1.27
1061942400000,1.30
1061856000000,1.35
1061769600000,1.38
1061510400000,1.25
1061424000000,0.91
1061337600000,0.87
1061251200000,0.95
1061164800000,1.00
1060905600000,1.06
1060819200000,1.01
1060732800000,0.80
1060646400000,0.92
1060560000000,1.14
1060300800000,0.77
1060214400000,0.53
1060128000000,0.53
1060041600000,0.50
1059955200000,0.51
1059696000000,0.51
1059609600000,0.54
1059523200000,0.50
1059436800000,0.59
1059350400000,0.41
1059091200000,0.42
1059004800000,0.44
1058918400000,0.46
1058832000000,0.44
1058745600000,0.46
1058486400000,0.50
1058400000000,0.47
1058313600000,0.50
1058227200000,0.57
1058140800000,0.43
1057881600000,0.49
1057795200000,0.51
1057708800000,0.45
1057622400000,0.47
1057536000000,0.53
1057190400000,0.41
1057104000000,0.47
1057017600000,0.49
1056931200000,0.50
1056672000000,0.50
1056585600000,0.54
1056499200000,0.54
1056412800000,0.56
1056326400000,0.51
1056067200000,0.44
1055980800000,0.48
1055894400000,0.47
1055808000000,0.51
1055721600000,0.50
1055462400000,0.58
1055376000000,0.60
1055289600000,0.61
1055203200000,0.64
1055116800000,0.60
1054857600000,0.55
1054771200000,0.59
1054684800000,0.42
1054598400000,0.40
1054512000000,0.37
1054252800000,0.35
1054166400000,0.37
1054080000000,0.38
1053993600000,0.41
1053648000000,0.45
1053561600000,0.41
1053475200000,0.39
1053388800000,0.38
1053302400000,0.49
1053043200000,0.54
1052956800000,0.41
1052870400000,0.34
1052784000000,0.30
1052697600000,0.31
1052438400000,0.26
1052352000000,0.24
1052265600000,0.26
1052179200000,0.27
1052092800000,0.29
1051833600000,0.25
1051747200000,0.26
1051660800000,0.27
1051574400000,0.24
1051488000000,0.24
1051228800000,0.24
1051142400000,0.28
1051056000000,0.24
1050969600000,0.25
1050883200000,0.26
1050537600000,0.27
1050451200000,0.27
1050364800000,0.25
1050278400000,0.25
1050019200000,0.25
1049932800000,0.24
1049846400000,0.25
1049760000000,0.25
1049673600000,0.29
1049414400000,0.31
1049328000000,0.27
1049241600000,0.25
1049155200000,0.23
1049068800000,0.22
1048809600000,0.24
1048723200000,0.24
1048636800000,0.23
1048550400000,0.26
1048464000000,0.27
1048204800000,0.27
1048118400000,0.25
1048032000000,0.25
1047945600000,0.24
1047859200000,0.27
1047600000000,0.31
1047513600000,0.24
1047427200000,0.27
1047340800000,0.31
1047254400000,0.23
1046995200000,0.26
1046908800000,0.26
1046822400000,0.25
1046736000000,0.25
1046649600000,0.26
1046390400000,0.29
1046304000000,0.32
1046217600000,0.32
1046131200000,0.30
1046044800000,0.32
1045785600000,0.29
1045699200000,0.29
1045612800000,0.28
1045526400000,0.31
1045180800000,0.32
1045094400000,0.34
1045008000000,0.37
1044921600000,0.32
1044835200000,0.36
1044576000000,0.28
1044489600000,0.28
1044403200000,0.18
1044316800000,0.18
1044230400000,0.19
1043971200000,0.21
1043884800000,0.20
1043798400000,0.21
1043712000000,0.22
1043625600000,0.22
1043366400000,0.22
1043280000000,0.22
1043193600000,0.23
1043107200000,0.24
1042761600000,0.25
1042675200000,0.22
1042588800000,0.21
1042502400000,0.23
1042416000000,0.23
1042156800000,0.25
1042070400000,0.24
1041984000000,0.24
1041897600000,0.25
1041811200000,0.22
1041552000000,0.25
1041465600000,0.23
1041292800000,0.22
1041206400000,0.22
1040947200000,0.25
1040860800000,0.25
1040688000000,0.25
1040601600000,0.25
1040342400000,0.29
1040256000000,0.30
1040169600000,0.31
1040083200000,0.31
1039996800000,0.36
1039737600000,0.34
1039651200000,0.34
1039564800000,0.33
1039478400000,0.31
1039392000000,0.33
1039132800000,0.38
1039046400000,0.36
1038960000000,0.36
1038873600000,0.35
1038787200000,0.33
1038528000000,0.36
1038355200000,0.37
1038268800000,0.33
1038182400000,0.40
1037923200000,0.38
1037836800000,0.40
1037750400000,0.38
1037664000000,0.43
1037577600000,0.25
1037318400000,0.24
1037232000000,0.25
1037145600000,0.25
1037059200000,0.25
1036972800000,0.25
1036713600000,0.26
1036627200000,0.28
1036540800000,0.28
1036454400000,0.25
1036368000000,0.27
1036108800000,0.25
1036022400000,0.20
1035936000000,0.22
1035849600000,0.25
1035763200000,0.29
1035504000000,0.30
1035417600000,0.26
1035331200000,0.30
1035244800000,0.25
1035158400000,0.26
1034899200000,0.26
1034812800000,0.29
1034726400000,0.27
1034640000000,0.27
1034553600000,0.29
1034294400000,0.30
1034208000000,0.35
1034121600000,0.32
1034035200000,0.35
1033948800000,0.33
1033689600000,0.37
1033603200000,0.35
1033516800000,0.40
1033430400000,0.40
1033344000000,0.38
1033084800000,0.40
1032998400000,0.40
1032912000000,0.33
1032825600000,0.34
1032739200000,0.40
1032480000000,0.43
1032393600000,0.40
1032307200000,0.39
1032220800000,0.42
1032134400000,0.40
1031875200000,0.40
1031788800000,0.40
1031702400000,0.40
1031616000000,0.41
1031529600000,0.40
1031270400000,0.40
1031184000000,0.39
1031097600000,0.38
1031011200000,0.35
1030665600000,0.40
1030579200000,0.45
1030492800000,0.41
1030406400000,0.45
1030320000000,0.39
1030060800000,0.40
1029974400000,0.35
1029888000000,0.37
1029801600000,0.39
1029715200000,0.37
1029456000000,0.42
1029369600000,0.40
1029283200000,0.45
1029196800000,0.42
1029110400000,0.39
1028851200000,0.45
1028764800000,0.48
1028678400000,0.45
1028592000000,0.39
1028505600000,0.40
1028246400000,0.40
1028160000000,0.38
1028073600000,0.43
1027987200000,0.43
1027900800000,0.42
1027641600000,0.46
1027555200000,0.44
1027468800000,0.47
1027382400000,0.56
1027296000000,0.51
1027036800000,0.60
1026950400000,0.45
1026864000000,0.48
1026777600000,0.43
1026691200000,0.45
1026432000000,0.30
1026345600000,0.35
1026259200000,0.35
1026172800000,0.40
1026086400000,0.42
1025827200000,0.29
1025654400000,0.32
1025568000000,0.30
1025481600000,0.35
1025222400000,0.34
1025136000000,0.31
1025049600000,0.35
1024963200000,0.39
1024876800000,0.42
1024617600000,0.44
1024531200000,0.44
1024444800000,0.50
1024358400000,0.53
1024272000000,0.50
1024012800000,0.53
1023926400000,0.56
1023840000000,0.60
1023753600000,0.65
1023667200000,0.60
1023408000000,0.65
1023321600000,0.62
1023235200000,0.65
1023148800000,0.66
1023062400000,0.66
1022803200000,0.70
1022716800000,0.73
1022630400000,0.75
1022544000000,0.73
1022198400000,0.74
1022112000000,0.84
1022025600000,0.87
1021939200000,0.87
1021852800000,0.88
1021593600000,0.86
1021507200000,0.86
1021420800000,0.85
1021334400000,0.89
1021248000000,0.88
1020988800000,0.90
1020902400000,0.91
1020816000000,0.94
1020729600000,0.94
1020643200000,0.92
1020384000000,1.01
1020297600000,1.04
1020211200000,1.00
1020124800000,1.00
1020038400000,1.02
1019779200000,1.05
1019692800000,1.03
1019606400000,1.02
1019520000000,0.88
1019433600000,0.77
1019174400000,0.79
1019088000000,0.77
1019001600000,0.74
1018915200000,0.72
1018828800000,0.70
1018569600000,0.76
1018483200000,0.79
1018396800000,0.81
1018310400000,0.81
1018224000000,0.83
1017964800000,0.84
1017878400000,0.90
1017792000000,0.94
1017705600000,0.86
1017619200000,0.98
1017273600000,0.86
1017187200000,0.90
1017100800000,0.86
1017014400000,0.86
1016755200000,0.89
1016668800000,0.89
1016582400000,0.84
1016496000000,0.86
1016409600000,0.88
1016150400000,0.90
1016064000000,0.89
1015977600000,0.86
1015891200000,0.88
1015804800000,0.90
1015545600000,0.92
1015459200000,0.93
1015372800000,0.92
1015286400000,0.96
1015200000000,0.99
1014940800000,0.95
1014854400000,1.00
1014768000000,0.95
1014681600000,1.00
1014595200000,0.99
1014336000000,1.00
1014249600000,1.03
1014163200000,1.02
1014076800000,1.02
1013731200000,1.10
1013644800000,1.13
1013558400000,1.14
1013472000000,1.11
1013385600000,1.16
1013126400000,1.10
1013040000000,1.15
1012953600000,1.12
1012867200000,1.22
1012780800000,1.23
1012521600000,1.22
1012435200000,1.30
1012348800000,1.23
1012262400000,1.18
1012176000000,1.25
1011916800000,1.01
1011830400000,1.03
1011744000000,1.04
1011657600000,0.98
1011312000000,0.93
1011225600000,1.01
1011139200000,1.07
1011052800000,1.04
1010966400000,1.10
1010707200000,1.15
1010620800000,1.18
1010534400000,1.11
1010448000000,1.08
1010361600000,1.23
1010102400000,1.27
1010016000000,1.20
1009929600000,0.96
1009756800000,0.89
1009497600000,0.83
1009411200000,0.77
1009324800000,0.77
1009152000000,0.78
1008892800000,0.82
1008806400000,0.84
1008720000000,0.84
1008633600000,0.90
1008547200000,0.87
1008288000000,0.96
1008201600000,0.97
1008115200000,0.96
1008028800000,0.98
1007942400000,0.95
1007683200000,0.91
1007596800000,0.88
1007510400000,0.87
1007424000000,0.94
1007337600000,0.94
1007078400000,0.95
1006992000000,0.95
1006905600000,0.97
1006819200000,0.96
1006732800000,0.98
1006473600000,0.95
1006300800000,0.95
1006214400000,0.97
1006128000000,0.96
1005868800000,0.89
1005782400000,0.90
1005696000000,0.96
1005609600000,0.89
1005523200000,0.90
1005264000000,0.90
1005177600000,0.98
1005091200000,1.00
1005004800000,1.00
1004918400000,1.00
1004659200000,0.99
1004572800000,1.00
1004486400000,0.93
1004400000000,0.95
1004313600000,1.02
1004054400000,1.11
1003968000000,0.94
1003881600000,0.94
1003795200000,0.90
1003708800000,0.85
1003449600000,0.72
1003363200000,0.75
1003276800000,0.70
1003190400000,0.75
1003104000000,0.75
1002844800000,0.71
1002758400000,0.77
1002672000000,0.73
1002585600000,0.68
1002499200000,0.76
1002240000000,0.81
1002153600000,0.75
1002067200000,0.72
1001980800000,0.75
1001894400000,0.70
1001635200000,0.62
1001548800000,0.60
1001462400000,0.64
1001376000000,0.66
1001289600000,0.73
1001030400000,0.67
1000944000000,0.68
1000857600000,0.75
1000771200000,0.71
1000684800000,0.68
1000080000000,0.72
999820800000,0.77
999734400000,0.83
999648000000,0.86
999561600000,0.96
999216000000,1.00
999129600000,0.95
999043200000,1.00
998956800000,0.94
998870400000,0.98
998611200000,1.10
998524800000,0.98
998438400000,0.95
998352000000,0.93
998265600000,0.97
998006400000,0.85
997920000000,0.92
997833600000,0.98
997747200000,1.07
997660800000,1.06
997401600000,1.05
997315200000,1.10
997228800000,1.18
997142400000,1.09
997056000000,1.15
996796800000,1.09
996710400000,1.04
996624000000,1.05
996537600000,1.02
996451200000,1.05
996192000000,1.15
996105600000,1.24
996019200000,1.22
995932800000,1.20
995846400000,1.26
995587200000,1.29
995500800000,1.30
995414400000,1.27
995328000000,1.23
995241600000,1.28
994982400000,1.21
994896000000,1.17
994809600000,1.21
994723200000,1.25
994636800000,1.26
994377600000,1.29
994291200000,1.30
994118400000,1.40
994032000000,1.48
993772800000,1.55
993686400000,1.35
993600000000,1.27
993513600000,1.36
993427200000,1.36
993168000000,1.28
993081600000,1.34
992995200000,1.28
992908800000,1.40
992822400000,1.42
992563200000,1.69
992476800000,1.73
992390400000,1.90
992304000000,1.70
992217600000,1.82
991958400000,1.92
991872000000,1.89
991785600000,1.95
991699200000,2.00
991612800000,1.75
991353600000,1.78
991267200000,1.72
991180800000,1.89
991094400000,2.28
990748800000,2.31
990662400000,2.19
990576000000,2.22
990489600000,2.16
990403200000,2.14
990144000000,2.32
990057600000,1.68
989971200000,1.18
989884800000,1.15
989798400000,1.00
989539200000,0.88
989452800000,0.85
989366400000,0.82
989280000000,0.99
989193600000,0.97
988934400000,0.87
988848000000,0.75
988761600000,0.80
988675200000,0.75
988588800000,0.70
988329600000,0.74
988243200000,0.78
988156800000,0.78
988070400000,0.78
987984000000,0.87
987724800000,0.88
987638400000,0.95
987552000000,0.88
987465600000,0.65
987379200000,0.72
987033600000,0.92
986947200000,1.25
986860800000,1.46
986774400000,1.01
986515200000,0.81
986428800000,0.81
986342400000,0.70
986256000000,0.66
986169600000,0.72
985910400000,0.78
985824000000,0.88
985737600000,1.06
985651200000,1.06
985564800000,1.28
985305600000,1.25
985219200000,1.31
985132800000,1.28
985046400000,1.28
984960000000,1.28
984700800000,1.44
984614400000,1.47
984528000000,1.41
984441600000,1.38
984355200000,1.53
984096000000,1.69
984009600000,1.72
983923200000,1.69
983836800000,1.75
983750400000,1.81
983491200000,1.81
983404800000,1.84
983318400000,1.81
983232000000,1.88
983145600000,1.97
982886400000,1.91
982800000000,1.88
982713600000,1.97
982627200000,1.94
982281600000,1.97
982195200000,2.00
982108800000,1.81
982022400000,1.94
981936000000,1.94
981676800000,1.91
981590400000,2.20
981504000000,2.20
981417600000,2.25
981331200000,2.25
981072000000,2.31
980985600000,2.25
980899200000,2.31
980812800000,2.25
980726400000,2.50
980467200000,2.75
980380800000,2.69
980294400000,2.19
980208000000,2.03
980121600000,2.44
979862400000,3.25
979776000000,3.94
979689600000,4.19
979603200000,4.72
979257600000,4.12
979171200000,3.25
979084800000,2.94
978998400000,3.22
978912000000,3.19
978652800000,3.06
978566400000,2.62
978480000000,2.09
978393600000,1.75
978048000000,1.88
977961600000,2.00
977875200000,1.53
977788800000,1.50
977443200000,1.75
977356800000,1.62
977270400000,2.00
977184000000,2.25
977097600000,2.31
976838400000,2.69
976752000000,2.81
976665600000,3.19
976579200000,3.38
976492800000,3.50
976233600000,3.19
976147200000,2.44
976060800000,2.22
975974400000,2.25
975888000000,2.12
975628800000,2.19
975542400000,2.38
975456000000,2.75
975369600000,3.00
975283200000,3.31
975024000000,3.19
974851200000,3.12
974764800000,3.50
974678400000,3.19
974419200000,3.47
974332800000,3.38
974246400000,3.56
974160000000,3.69
974073600000,3.38
973814400000,3.50
973728000000,3.47
973641600000,3.75
973555200000,3.88
973468800000,3.97
973209600000,3.75
973123200000,3.88
973036800000,3.94
972950400000,4.09
972864000000,5.25
972604800000,5.12
972518400000,5.38
972432000000,5.56
972345600000,6.25
972259200000,5.75
972000000000,5.56
971913600000,5.09
971827200000,5.00
971740800000,5.66
971654400000,5.75
971395200000,5.88
971308800000,6.00
971222400000,6.62
971136000000,7.03
971049600000,7.38
970790400000,7.31
970704000000,7.53
970617600000,7.94
970531200000,7.62
970444800000,7.62
970185600000,9.00
970099200000,7.38
970012800000,7.25
969926400000,7.94
969840000000,8.56
969580800000,8.50
969494400000,8.78
969408000000,9.06
969321600000,9.44
969235200000,9.31
968976000000,10.31
968889600000,10.00
968803200000,10.69
968716800000,11.69
968630400000,9.62
968371200000,10.31
968284800000,10.12
968198400000,9.88
968112000000,10.38
967766400000,10.81
967680000000,11.88
967593600000,11.25
967507200000,9.56
967420800000,8.62
967161600000,8.25
967075200000,8.62
966988800000,7.12
966902400000,6.84
966816000000,6.94
966556800000,7.12
966470400000,6.62
966384000000,7.03
966297600000,6.62
966211200000,7.00
965952000000,7.50
965865600000,7.69
965779200000,7.75
965692800000,7.81
965606400000,7.69
965347200000,7.81
965260800000,7.62
965174400000,7.94
965088000000,8.25
965001600000,8.62
964742400000,8.25
964656000000,9.19
964569600000,10.25
964483200000,10.38
964396800000,9.12
964137600000,10.31
964051200000,10.62
963964800000,11.00
963878400000,11.12
963792000000,11.75
963532800000,12.00
963446400000,11.88
963360000000,10.75
963273600000,10.50
963187200000,10.38
962928000000,11.50
962841600000,12.38
962755200000,12.38
962582400000,12.94
962323200000,12.00
962236800000,12.00
962150400000,12.25
962064000000,12.25
961977600000,13.25
961718400000,13.31
961632000000,14.00
961545600000,14.69
961459200000,14.94
961372800000,14.50
961113600000,11.88
961027200000,12.25
960940800000,11.88
960854400000,12.38
960768000000,12.06
960508800000,12.75
960422400000,13.00
960336000000,12.94
960249600000,12.50
960163200000,12.88
959904000000,13.25
959817600000,10.38
959731200000,7.66
959644800000,7.94
959299200000,7.88
959212800000,8.00
959126400000,8.38
959040000000,9.12
958953600000,10.12
958694400000,11.06
958608000000,12.00
958521600000,12.38
958435200000,12.69
958348800000,12.56
958089600000,12.12
958003200000,11.31
957916800000,11.31
957830400000,12.31
957744000000,13.00
957484800000,13.12
957398400000,13.19
957312000000,12.44
957225600000,13.62
957139200000,14.25
956880000000,14.94
956793600000,13.62
956707200000,13.88
956620800000,13.94
956534400000,13.62
956188800000,14.88
956102400000,14.62
956016000000,15.19
955929600000,12.00
955670400000,12.06
955584000000,13.44
955497600000,15.31
955411200000,17.38
955324800000,19.12
955065600000,22.00
954979200000,21.88
954892800000,22.88
954806400000,21.69
954720000000,25.12
954460800000,29.62
954374400000,27.75
954288000000,31.00
954201600000,34.50
954115200000,29.75
953856000000,28.00
953769600000,26.31
953683200000,27.56
953596800000,25.88
953510400000,25.44
953251200000,28.50
953164800000,25.44
953078400000,23.56
952992000000,25.38
952905600000,30.50
952646400000,31.62
952560000000,32.81
952473600000,31.00
952387200000,33.00
952300800000,34.62
952041600000,28.62
951955200000,28.00
951868800000,29.19
951782400000,30.12
951696000000,27.00
951436800000,20.00
951350400000,20.00
951264000000,20.00
951177600000,19.06
950832000000,18.00
950745600000,19.12
950659200000,20.12
950572800000,18.69
950486400000,18.00
950227200000,14.50
950140800000,14.00
950054400000,13.62
949968000000,14.12
949881600000,13.50
949622400000,11.69
949536000000,11.00
949449600000,11.44
949363200000,11.25
949276800000,10.88
949017600000,11.12
948931200000,12.19
948844800000,13.06
948758400000,14.00
948672000000,11.06
948412800000,9.50
948326400000,8.88
948240000000,9.06
948153600000,9.56
947808000000,7.25
947721600000,7.25
947635200000,6.97
947548800000,6.69
947462400000,8.00
947203200000,8.00
947116800000,6.44
947030400000,5.78
946944000000,5.66
946857600000,6.09
946598400000,5.12
946512000000,4.91
946425600000,4.88
946339200000,5.03
946252800000,5.06
945907200000,5.31
945820800000,4.75
945734400000,4.94
945648000000,4.56
945388800000,4.97
945302400000,4.50
945216000000,4.56
945129600000,4.88
945043200000,5.44
944784000000,5.66
944697600000,5.50
944611200000,4.44
944524800000,4.31
944438400000,4.44
944179200000,4.34
944092800000,4.34
944006400000,4.25
943920000000,4.38
943833600000,4.59
943574400000,4.62
943401600000,4.69
943315200000,4.88
943228800000,4.97
942969600000,4.81
942883200000,4.25
942796800000,3.94
942710400000,4.00
942624000000,4.09
942364800000,4.00
942278400000,4.00
942192000000,4.06
942105600000,4.12
942019200000,4.19
941760000000,4.06
941673600000,4.09
941587200000,4.00
941500800000,4.06
941414400000,4.09
941155200000,4.25
941068800000,4.19
940982400000,4.31
940896000000,4.31
940809600000,4.19
940550400000,4.25
940464000000,4.38
940377600000,4.31
940291200000,4.25
940204800000,4.09
939945600000,4.31
939859200000,4.38
939772800000,4.38
939686400000,4.19
939600000000,4.25
939340800000,4.56
939254400000,4.62
939168000000,4.53
939081600000,4.56
938995200000,4.66
938736000000,4.69
938649600000,4.81
938563200000,5.44
938476800000,5.50
938390400000,5.47
938131200000,5.00
938044800000,4.78
937958400000,4.56
937872000000,4.19
937785600000,4.16
937526400000,4.03
937440000000,3.91
937353600000,4.00
937267200000,3.81
937180800000,3.84
936921600000,3.81
936835200000,4.03
936748800000,4.06
936662400000,4.00
936316800000,3.94
936230400000,3.94
936144000000,3.97
936057600000,4.06
935971200000,3.81
935712000000,3.91
935625600000,4.12
935539200000,4.16
935452800000,3.75
935366400000,3.88
935107200000,4.19
935020800000,4.50
934934400000,4.62
934848000000,4.88
934761600000,3.12
934502400000,3.00
934416000000,2.88
934329600000,2.75
934243200000,2.88
934156800000,3.03
933897600000,3.00
933811200000,2.88
933724800000,3.03
933638400000,3.16
933552000000,3.19
933292800000,3.56
933206400000,3.38
933120000000,3.25
933033600000,3.47
932947200000,3.59
932688000000,3.69
932601600000,3.78
932515200000,3.88
932428800000,3.88
932342400000,4.00
932083200000,4.00
931996800000,3.88
931910400000,4.03
931824000000,3.88
931737600000,4.09
931478400000,4.16
931392000000,4.00
931305600000,4.25
931219200000,4.19
930873600000,4.31
930787200000,4.44
930700800000,4.16
930614400000,4.19
930528000000,4.38
930268800000,4.50
930182400000,4.38
930096000000,4.50
930009600000,4.69
929923200000,4.59
929664000000,4.75
929577600000,4.88
929491200000,5.03
929404800000,5.19
929318400000,5.25
929059200000,5.00
928972800000,5.00
928886400000,5.16
928800000000,5.00
928713600000,4.62
928454400000,4.50
928368000000,4.50
928281600000,4.50
928195200000,4.50
927849600000,4.69
927763200000,4.81
927676800000,4.88
927590400000,4.88
927504000000,5.44
927244800000,5.50
927158400000,5.50
927072000000,4.50
926985600000,4.44
926899200000,4.31
926640000000,4.34
926553600000,4.56
926467200000,4.25
926380800000,4.44
926294400000,4.44
926035200000,4.50
925948800000,4.25
925862400000,4.25
925776000000,4.25
925689600000,4.31
925430400000,4.44
925344000000,4.50
925257600000,4.69
925171200000,4.50
925084800000,4.69
924825600000,4.75
924739200000,5.00
924652800000,4.69
924566400000,4.69
924480000000,4.50
924220800000,5.06
924134400000,5.38
924048000000,6.12
923961600000,6.25
923875200000,5.88
923616000000,4.50
923529600000,4.38
923443200000,3.94
923356800000,4.81
923270400000,4.12
922924800000,3.94
922838400000,3.84
922752000000,3.69
922665600000,3.69
922406400000,3.69
922320000000,3.88
922233600000,3.88
922147200000,3.69
922060800000,3.88
921801600000,4.00
921715200000,3.88
921628800000,3.88
921542400000,3.88
921456000000,3.88
921196800000,4.06
921110400000,4.12
921024000000,3.75
920937600000,3.88
920851200000,3.81
920592000000,3.94
920505600000,3.88
920419200000,4.00
920332800000,4.03
920246400000,4.28
919987200000,4.38
919900800000,4.50
919814400000,4.53
919728000000,4.66
919641600000,4.75
919382400000,4.69
919296000000,4.62
919209600000,4.56
919123200000,4.75
918777600000,4.75
918691200000,5.00
918604800000,4.88
918518400000,5.00
918432000000,5.44
918172800000,5.06
918086400000,5.62
918000000000,4.50
917913600000,4.75
917827200000,4.88
917568000000,4.88
917481600000,5.06
917395200000,5.88
917308800000,5.97
917222400000,5.94
916963200000,6.09
916876800000,6.25
916790400000,6.38
916704000000,6.62
916358400000,6.62
916272000000,6.69
916185600000,6.56
916099200000,6.88
916012800000,7.00
915753600000,6.75
915667200000,6.25
915580800000,6.50
915494400000,6.03
915408000000,5.69
915062400000,5.62
914976000000,5.69
914889600000,6.12
914803200000,6.62
914457600000,6.50
914371200000,4.81
914284800000,5.06
914198400000,5.53
913939200000,5.75
913852800000,5.56
913766400000,5.88
913680000000,6.12
913593600000,6.06
913334400000,6.50
913248000000,6.12
913161600000,5.62
913075200000,6.75
912988800000,7.25
912729600000,7.88
912643200000,8.88
912556800000,9.38
912470400000,3.69
912384000000,2.94
912124800000,2.88
911952000000,2.94
911865600000,2.69
911779200000,2.88
911520000000,2.88
911433600000,2.81
911347200000,2.94
911260800000,3.06
911174400000,3.25
910915200000,3.25
910828800000,3.31
910742400000,3.25
910656000000,3.38
910569600000,3.50
910310400000,3.50
910224000000,3.50
910137600000,3.31
910051200000,3.62
909964800000,3.88
909705600000,3.81
909619200000,3.50
909532800000,2.88
909446400000,3.00
909360000000,3.16
909100800000,2.94
909014400000,2.44
908928000000,2.97
908841600000,2.50
908755200000,2.50
908496000000,2.44
908409600000,2.56
908323200000,2.25
908236800000,2.50
908150400000,2.62
907891200000,2.50
907804800000,2.75
907718400000,2.56
907632000000,2.62
907545600000,2.62
907286400000,2.75
907200000000,2.88
907113600000,2.56
907027200000,2.94
906940800000,3.00
906681600000,2.88
906595200000,3.00
906508800000,2.69
906422400000,3.00
906336000000,3.00
906076800000,3.12
905990400000,3.22
905904000000,2.34
905817600000,2.25
905731200000,2.25
905472000000,2.25
905385600000,2.38
905299200000,2.88
905212800000,2.62
904867200000,2.62
904780800000,2.12
904694400000,2.81
904608000000,1.97
904521600000,1.88
904262400000,2.31
904176000000,2.38
904089600000,2.62
904003200000,2.88
903916800000,3.00
903657600000,3.12
903571200000,3.12
903484800000,3.38
903398400000,3.53
903312000000,3.50
903052800000,3.50
902966400000,3.56
902880000000,3.62
902793600000,3.50
902707200000,3.69
902448000000,3.53
902361600000,3.59
902275200000,4.06
902188800000,4.06
902102400000,4.06
901843200000,4.00
901756800000,4.19
901670400000,4.69
901584000000,4.19
901497600000,4.25
901238400000,4.00
901152000000,4.00
901065600000,5.00
900979200000,5.06
900892800000,4.94
900633600000,4.50
900547200000,4.38
900460800000,4.38
900374400000,4.38
900288000000,4.31
900028800000,4.56
899942400000,4.50
899856000000,4.50
899769600000,4.50
899683200000,4.75
899337600000,4.88
899251200000,4.50
899164800000,4.88
899078400000,5.00
898819200000,5.06
898732800000,5.00
898646400000,5.31
898560000000,5.41
898473600000,5.50
898214400000,5.50
898128000000,5.56
898041600000,5.53
897955200000,5.94
897868800000,5.75
897609600000,5.62
897523200000,5.75
897436800000,5.69
897350400000,5.81
897264000000,5.94
897004800000,6.06
896918400000,6.06
896832000000,6.00
896745600000,6.06
896659200000,6.25
896400000000,6.19
896313600000,6.19
896227200000,6.38
896140800000,6.44
895795200000,6.56
895708800000,6.25
895622400000,6.81
895536000000,6.81
895449600000,7.06
895190400000,7.12
895104000000,7.62
895017600000,6.75
894931200000,6.50
894844800000,6.75
894585600000,6.88
894499200000,6.56
894412800000,6.56
894326400000,6.75
894240000000,6.88
893980800000,6.94
893894400000,6.94
893808000000,6.62
893721600000,6.50
893635200000,6.19
893376000000,6.38
893289600000,6.50
893203200000,6.62
893116800000,6.62
893030400000,6.75
892771200000,6.62
892684800000,6.75
892598400000,6.75
892512000000,7.00
892425600000,6.56
892080000000,6.69
891993600000,6.75
891907200000,6.44
891820800000,6.62
891561600000,6.81
891475200000,6.94
891388800000,6.88
891302400000,7.00
891216000000,6.88
890956800000,7.00
890870400000,7.00
890784000000,6.88
890697600000,7.03
890611200000,6.94
890352000000,6.25
890265600000,6.44
890179200000,6.50
890092800000,6.56
890006400000,6.75
889747200000,6.94
889660800000,7.06
889574400000,7.38
889488000000,7.66
889401600000,7.69
889142400000,7.69
889056000000,7.44
888969600000,7.25
888883200000,7.06
888796800000,7.38
888537600000,6.00
888451200000,6.09
888364800000,6.06
888278400000,6.09
888192000000,6.12
887932800000,6.00
887846400000,6.22
887760000000,6.12
887673600000,5.66
887328000000,5.50
887241600000,5.84
887155200000,6.00
887068800000,6.19
886982400000,6.22
886723200000,6.03
886636800000,6.06
886550400000,6.19
886464000000,6.28
886377600000,6.56
886118400000,6.50
886032000000,6.56
885945600000,7.00
885859200000,7.19
885772800000,7.16
885513600000,6.88
885427200000,6.56
885340800000,6.81
885254400000,7.31
884908800000,10.62
884822400000,9.75
884736000000,9.62
884649600000,9.56
884563200000,9.88
884304000000,9.88
884217600000,10.62
884131200000,10.69
884044800000,10.50
883958400000,10.75
883699200000,10.88
883526400000,10.94
883440000000,11.25
883353600000,10.94
883094400000,10.44
882921600000,11.00
882835200000,11.44
882748800000,11.69
882489600000,11.62
882403200000,12.00
882316800000,11.88
882230400000,11.75
882144000000,11.62
881884800000,11.88
881798400000,11.94
881712000000,12.38
881625600000,12.56
881539200000,12.75
881280000000,11.94
881193600000,11.25
881107200000,11.12
881020800000,11.12
880934400000,11.25
880675200000,11.50
880502400000,11.50
880416000000,11.44
880329600000,11.50
880070400000,10.50
879984000000,10.50
879897600000,11.00
879811200000,11.75
879724800000,11.88
879465600000,12.38
879379200000,12.50
879292800000,12.88
879206400000,13.25
879120000000,13.56
878860800000,13.50
878774400000,14.12
878688000000,14.31
878601600000,14.00
878515200000,14.25
878256000000,14.00
878169600000,13.62
878083200000,14.12
877996800000,14.00
877910400000,12.56
877651200000,14.00
877564800000,15.31
877478400000,13.75
877392000000,16.00
877305600000,11.88
877046400000,11.25
876960000000,11.75
876873600000,11.62
876787200000,11.62
876700800000,11.88
876441600000,11.00
876355200000,11.62
876268800000,11.88
876182400000,11.88
876096000000,11.50
875836800000,11.75
875750400000,11.94
875664000000,12.00
875577600000,11.62
875491200000,11.81
875232000000,11.00
875145600000,11.00
875059200000,11.06
874972800000,10.88
874886400000,10.12
874627200000,9.62
874540800000,10.06
874454400000,10.48
874368000000,9.56
874281600000,9.89
874022400000,9.94
873936000000,10.00
873849600000,10.25
873763200000,9.75
873676800000,9.75
873417600000,9.50
873331200000,9.62
873244800000,10.12
873158400000,10.94
872812800000,10.38
872726400000,8.94
872640000000,8.88
872553600000,8.75
872467200000,9.38
872208000000,9.12
872121600000,9.12
872035200000,9.25
871948800000,9.00
871862400000,9.12
871603200000,9.00
871516800000,9.00
871430400000,9.12
871344000000,9.12
871257600000,9.50
870998400000,9.75
870912000000,9.75
870825600000,9.88
870739200000,9.88
870652800000,9.50
870393600000,9.12
870307200000,9.38
870220800000,9.75
870134400000,10.25
870048000000,10.62
869788800000,11.25
869702400000,10.88
869616000000,10.62
869529600000,10.25
869443200000,10.00
869184000000,10.50
869097600000,11.12
869011200000,11.12
868924800000,9.88
868838400000,9.50
868579200000,9.12
868492800000,8.75
868406400000,7.75
868320000000,6.75
868233600000,6.62
867888000000,6.94
867801600000,7.12
